fuente,tipo,n,gramática,gramática IC95,creatividad,creatividad IC95,consistencia,consistencia IC95,uso de palabras,NLL (ref),obediencia,obediencia IC95
base (ancho),cuento,24,1.9583333333333333,"[1.9, 2.0]",3.0833333333333335,"[2.9, 3.3]",2.1666666666666665,"[2.0, 2.4]",,2.2943048427502313,,
base (ancho),instrucción,24,1.75,"[1.6, 1.9]",2.5416666666666665,"[2.2, 2.8]",1.7083333333333333,"[1.5, 1.9]",0.18055555555555555,3.1147614419460297,2.8333333333333335,"[2.3, 3.3]"
profundo,cuento,24,1.9166666666666667,"[1.8, 2.0]",2.9166666666666665,"[2.8, 3.0]",1.9583333333333333,"[1.9, 2.0]",,2.686444173256556,,
profundo,instrucción,24,1.625,"[1.5, 1.7]",2.25,"[2.1, 2.4]",1.5833333333333333,"[1.4, 1.7]",0.20833333333333334,3.5330693821112313,2.5,"[2.0, 3.0]"
SFT completo,cuento,24,2.0,"[2.0, 2.0]",2.9583333333333335,"[2.8, 3.1]",1.875,"[1.8, 2.0]",,2.789203032851219,,
SFT completo,instrucción,24,2.0,"[2.0, 2.0]",2.9166666666666665,"[2.8, 3.0]",1.9166666666666667,"[1.8, 2.0]",0.5555555555555555,2.4488616983095803,4.125,"[3.9, 4.4]"
SFT LoRA,cuento,24,1.9583333333333333,"[1.9, 2.0]",2.9166666666666665,"[2.8, 3.0]",1.8333333333333333,"[1.7, 2.0]",,2.857942442099253,,
SFT LoRA,instrucción,24,2.0,"[2.0, 2.0]",3.0,"[3.0, 3.0]",1.9166666666666667,"[1.8, 2.0]",0.3333333333333333,2.8298341631889343,3.6666666666666665,"[3.2, 4.0]"
ancla: cuento real,cuento,24,8.291666666666666,"[8.0, 8.5]",6.791666666666667,"[6.5, 7.1]",8.833333333333334,"[8.6, 9.0]",,2.3921406815449395,,
ancla: palabras mezcladas,cuento,24,1.5416666666666667,"[1.3, 1.8]",2.5,"[2.2, 2.7]",1.5416666666666667,"[1.3, 1.8]",,8.780460139115652,,
ancla: instrucción ajena,instrucción,24,7.375,"[6.9, 7.7]",5.125,"[4.7, 5.5]",8.041666666666666,"[7.5, 8.5]",0.125,2.3921406815449395,5.75,"[4.9, 6.6]"
