tipo_corrida,palabra,token_id,max_coseno_inicial
Corrida completa,long,789,0.22602604
Corrida completa,shel,3438,0.22085258
Corrida completa,freez,4349,0.19310471
Corrida completa,guy,5165,0.23869593
Corrida completa,char,3430,0.22189553
Corrida completa,misses,6321,0.2276016
Corrida completa,encourage,5571,0.21776885
Corrida completa,thro,6121,0.26041627
Corrida completa,peaceful,2440,0.24065477
Corrida completa,lip,4063,0.21375975
Corrida completa,behavior,7467,0.208093
Corrida completa,Danny,4766,0.25318107
Corrida completa,forest,1074,0.2254183
Corrida completa,breat,4072,0.23197883
Corrida completa,perfectly,4255,0.2278039
Corrida completa,Su,4562,0.23057418
Corrida completa,spend,2679,0.20677005
Corrida completa,frowning,7414,0.22242603
Corrida completa,fluttered,6572,0.2806917
Corrida completa,among,6716,0.23123044
Corrida completa,lotion,4855,0.24225178
Corrida completa,guys,6020,0.20793796
Corrida completa,shiny,974,0.21485859
Corrida completa,dressing,7858,0.23640554
Corrida completa,Anna,792,0.23852989
Corrida completa,soaked,5867,0.21335234
Corrida completa,cookies,1585,0.2561407
Corrida completa,insects,6927,0.22353822
Corrida completa,go,437,0.25358784
Corrida completa,ours,5360,0.23107524
Corrida completa,nine,7203,0.20629402
Corrida completa,che,859,0.2764713
Corrida completa,highest,6014,0.2137661
Corrida completa,own,1052,0.20381157
Corrida completa,bunch,5918,0.20773762
Corrida completa,furry,2326,0.23247428
Corrida completa,ti,6082,0.21837223
Corrida completa,squir,7765,0.2618635
Corrida completa,tight,1463,0.22725154
Corrida completa,teles,7523,0.24167897
Corrida completa,loved,499,0.25330117
Corrida completa,safari,5169,0.2654415
Corrida completa,modest,4005,0.21010107
Corrida completa,grate,1699,0.23561683
Corrida completa,face,1144,0.22500972
Corrida completa,Satur,8191,0.22490859
Corrida completa,fight,1555,0.24783728
Corrida completa,sweetie,2864,0.22764571
Corrida completa,bells,7285,0.21740988
Corrida completa,Bobby,3114,0.21745624
Corrida completa,dove,3317,0.23293345
Corrida completa,letter,2057,0.2330964
Corrida completa,dump,7818,0.20009261
Corrida completa,materi,5709,0.23873968
Corrida completa,cereal,3352,0.22871354
Corrida completa,goodbye,1136,0.24574375
Corrida completa,postman,7059,0.25223494
Corrida completa,trusted,4763,0.23138003
Corrida completa,neigh,1823,0.2552318
Corrida completa,gasp,7058,0.23339733
Corrida completa,parked,5680,0.22851646
Corrida completa,hopes,4601,0.21682046
Corrida completa,nicer,5686,0.21774067
Corrida completa,pit,4617,0.2272897
Corrida completa,careful,853,0.23311806
Corrida completa,each,767,0.22275308
Corrida completa,feather,2242,0.2406423
Corrida completa,stretch,4049,0.23793095
Corrida completa,K,1559,0.26563868
Corrida completa,differe,1115,0.21193554
Corrida completa,li,378,0.2564759
Corrida completa,X,7427,0.20690756
Corrida completa,turtle,3237,0.23245332
Corrida completa,rooms,4718,0.23136333
Corrida completa,built,3267,0.21445355
Corrida completa,shampoo,4938,0.22722074
Corrida completa,evening,4131,0.23884575
Corrida completa,growled,4882,0.22718444
Corrida completa,normal,3081,0.23380092
Corrida completa,respect,2299,0.21080701
Corrida completa,cartoon,3714,0.24767673
Corrida completa,high,1146,0.2564759
Corrida completa,unt,794,0.21448115
Corrida completa,marched,4117,0.2046281
Corrida completa,repeating,7667,0.23266023
Corrida completa,wreck,5582,0.22692843
Corrida completa,olive,5046,0.24870472
Corrida completa,cray,1850,0.2271053
Corrida completa,closely,4240,0.21223588
Corrida completa,ang,2946,0.2467105
Corrida completa,allowed,3423,0.22193642
Corrida completa,hug,584,0.21490014
Corrida completa,admired,3284,0.21480823
Corrida completa,kid,1209,0.24216431
Corrida completa,breathed,7020,0.23048478
Corrida completa,imp,912,0.2709848
Corrida completa,moments,4892,0.25358784
Corrida completa,ones,2805,0.2037045
Corrida completa,new,575,0.19998488
Corrida completa,fantastic,7357,0.22347975
Corrida completa,ribbon,4952,0.23422179
Corrida completa,trucks,3097,0.22531807
Corrida completa,pots,6308,0.24695519
Corrida completa,understood,2564,0.21702728
Corrida completa,Please,2536,0.21334293
Corrida completa,speak,4059,0.22443087
Corrida completa,bean,3399,0.2385584
Corrida completa,sett,3621,0.26930544
Corrida completa,Jones,6114,0.22454374
Corrida completa,thief,4034,0.23298042
Corrida completa,beneath,5469,0.22193736
Corrida completa,gre,769,0.21653973
Corrida completa,tent,2715,0.21341638
Corrida completa,cheap,3350,0.26816335
Corrida completa,twisted,5151,0.22588512
Corrida completa,You,570,0.23899652
Corrida completa,pizza,2599,0.24654135
Corrida completa,for,366,0.2765917
Corrida completa,faraway,6181,0.2677402
Corrida completa,dollhouse,6945,0.23893921
Corrida completa,apples,2216,0.23680894
Corrida completa,washing,4981,0.2270566
Corrida completa,tidied,7443,0.24306205
Corrida completa,mama,4271,0.23032992
Corrida completa,Out,6222,0.24833176
Corrida completa,Both,6352,0.26544806
Corrida completa,rewarded,6643,0.20622031
Corrida completa,chair,1873,0.2155691
Corrida completa,flood,5207,0.20817159
Corrida completa,quarrel,4351,0.23266023
Corrida completa,vend,4319,0.23665242
Corrida completa,tore,5069,0.23981574
Corrida completa,Welcome,8013,0.2280684
Corrida completa,yes,1486,0.26388165
Corrida completa,Good,5194,0.21147664
Corrida completa,scientist,7184,0.2092686
Corrida completa,hated,5326,0.25228506
Corrida completa,sofa,3780,0.2254183
Corrida completa,burst,6705,0.23014337
Corrida completa,cupcakes,6596,0.23203933
Corrida completa,hardest,8021,0.22840045
Corrida completa,teleph,4771,0.1973779
Corrida completa,polished,6196,0.22937773
Corrida completa,lots,855,0.24633354
Corrida completa,appl,4203,0.22330375
Corrida completa,burned,4548,0.21948844
Corrida completa,whisper,4554,0.2017564
Corrida completa,dent,5754,0.22917688
Corrida completa,thank,1367,0.21482861
Corrida completa,resc,3340,0.21568292
Corrida completa,jud,7897,0.2253287
Corrida completa,hesitated,6659,0.22893763
Corrida completa,dec,587,0.24727002
Corrida completa,cust,6734,0.23664936
Corrida completa,hands,1082,0.22396395
Corrida completa,pedal,5473,0.21799727
Corrida completa,wasted,6390,0.22249126
Corrida completa,pearl,5723,0.24838609
Corrida completa,ac,1090,0.26542944
Corrida completa,possible,5334,0.24115615
Corrida completa,overjoyed,5553,0.21246009
Corrida completa,helm,3539,0.25513273
Corrida completa,All,1680,0.23875043
Corrida completa,firework,3766,0.22608896
Corrida completa,colors,1484,0.27102837
Corrida completa,temple,4805,0.23036726
Corrida completa,tangled,6723,0.2170058
Corrida completa,wedding,5829,0.22833152
Corrida completa,Sure,5968,0.23340549
Corrida completa,Ruby,5023,0.23694888
Corrida completa,jealous,2808,0.2169208
Corrida completa,gor,3874,0.22985198
Corrida completa,neighb,1830,0.20509118
Corrida completa,quiet,1718,0.2297234
Corrida completa,prune,5646,0.22406012
Corrida completa,diffic,2996,0.25263375
Corrida completa,needed,1383,0.25371495
Corrida completa,their,460,0.23771268
Corrida completa,makeup,4754,0.2191746
Corrida completa,sniffs,7636,0.25795755
Corrida completa,persist,3389,0.21211652
Corrida completa,everything,1595,0.21425393
Corrida completa,rhy,5214,0.27578223
Corrida completa,butterf,1295,0.25795174
Corrida completa,Then,879,0.23656857
Corrida completa,compet,3111,0.2549182
Corrida completa,fasc,5146,0.23890594
Corrida completa,sweaty,8031,0.23540859
Corrida completa,beautiful,870,0.22250476
Corrida completa,prince,2546,0.23758054
Corrida completa,Pipp,6438,0.26824635
Corrida completa,pe,702,0.24259017
Corrida completa,sip,5159,0.2145015
Corrida completa,wond,5602,0.2587602
Corrida completa,fake,2844,0.24220753
Corrida completa,newsp,5124,0.23940706
Corrida completa,staff,4454,0.23186207
Corrida completa,plates,4897,0.25142786
Corrida completa,brave,911,0.24173506
Corrida completa,skipped,2824,0.23287868
Corrida completa,h,269,0.21206683
Corrida completa,cans,6313,0.24363951
Corrida completa,enthusiasm,7062,0.22377163
Corrida completa,hardly,4816,0.205185
Corrida completa,tested,7136,0.20970953
Corrida completa,slimy,6006,0.22864024
Corrida completa,fetch,6010,0.2607581
Corrida completa,glasses,6460,0.2360228
Corrida completa,mushroom,3920,0.25800908
Corrida completa,map,2829,0.21688768
Corrida completa,heavy,1784,0.20806773
Corrida completa,crunchy,5241,0.23843098
Corrida completa,People,5126,0.22491275
Corrida completa,gifts,5147,0.2137061
Corrida completa,greedy,4633,0.2181714
Corrida completa,ener,3772,0.2266333
Corrida completa,flips,7687,0.24852951
Corrida completa,images,7770,0.23545854
Corrida completa,lipstick,8109,0.23332864
Corrida completa,harm,3056,0.21524075
Corrida completa,clean,952,0.23640068
Corrida completa,backed,6505,0.3032445
Corrida completa,favor,1275,0.2406423
Corrida completa,giraffes,6496,0.22700329
Corrida completa,sword,2998,0.23984605
Corrida completa,little,396,0.26503283
Corrida completa,courage,3688,0.26011238
Corrida completa,crept,5401,0.24001874
Corrida completa,anytime,5441,0.26720223
Corrida completa,passengers,7104,0.2123081
Corrida completa,self,8131,0.22078808
Corrida completa,bang,5089,0.23847972
Corrida completa,hole,1404,0.21021211
Corrida completa,mist,2117,0.24204968
Corrida completa,steak,4334,0.2478596
Corrida completa,hello,2067,0.24029237
Corrida completa,stared,3893,0.21211298
Corrida completa,second,3975,0.238172
Corrida completa,often,2663,0.22104213
Corrida completa,regret,4671,0.21253996
Corrida completa,slept,4399,0.20423143
Corrida completa,Everyday,5111,0.22070079
Corrida completa,enough,1505,0.21787633
Corrida completa,admir,4893,0.24197349
Corrida completa,flut,2724,0.22344422
Corrida completa,rhino,4122,0.25831842
Corrida completa,buttons,3075,0.24548544
Corrida completa,problem,2157,0.22604536
Corrida completa,celery,4111,0.2676549
Corrida completa,opposite,7972,0.22968322
Corrida completa,lollipops,6546,0.20489018
Corrida completa,off,781,0.2111694
Corrida completa,stuffed,4170,0.19962656
Corrida completa,give,1038,0.20132317
Corrida completa,closet,2729,0.20717978
Corrida completa,lessons,7364,0.22658055
Corrida completa,Pet,7556,0.21404982
Corrida completa,objects,6547,0.22211173
Corrida completa,kite,2052,0.2851432
Corrida completa,Would,4221,0.2321085
Corrida completa,impro,3748,0.23618327
Corrida completa,winding,7989,0.21471013
Corrida completa,talked,2156,0.21907523
Corrida completa,gra,652,0.22852159
Corrida completa,keys,5823,0.24303915
Corrida completa,leapt,7379,0.21482769
Corrida completa,Sophie,4279,0.21678749
Corrida completa,reminder,5388,0.23426756
Corrida completa,Th,1205,0.2677797
Corrida completa,pool,2374,0.24266551
Corrida completa,imagination,4420,0.22391215
Corrida completa,bottom,2950,0.21605127
Corrida completa,discovered,2838,0.21328638
Corrida completa,groceries,6310,0.21447633
Corrida completa,colored,6428,0.2265754
Corrida completa,flames,6319,0.23381695
Corrida completa,tick,2662,0.22603741
Corrida completa,lab,3330,0.25096717
Corrida completa,together,563,0.2622487
Corrida completa,Dr,7476,0.22397842
Corrida completa,smooth,2356,0.2302115
Corrida completa,pencils,6289,0.2461362
Corrida completa,surprise,1341,0.23674215
Corrida completa,crayon,3184,0.23642792
Corrida completa,comforting,8103,0.22324531
Corrida completa,bounced,3947,0.23382221
Corrida completa,lun,6553,0.23006858
Corrida completa,mor,1125,0.24380022
Corrida completa,dead,3424,0.2304598
Corrida completa,W,528,0.24015115
Corrida completa,L,591,0.23008944
Corrida completa,suddenly,1833,0.21111403
Corrida completa,dancing,2661,0.23862503
Corrida completa,shape,3218,0.20693088
Corrida completa,pop,2224,0.24145219
Corrida completa,alive,4200,0.23154226
Corrida completa,batteries,7119,0.24306205
Corrida completa,watching,2130,0.2128899
Corrida completa,Zip,6938,0.21762343
Corrida completa,very,384,0.21039434
Corrida completa,explained,1885,0.24107464
Corrida completa,wept,7026,0.22380246
Corrida completa,collection,5163,0.22238192
Corrida completa,beauti,868,0.258628
Corrida completa,Mar,3366,0.29365513
Corrida completa,doll,971,0.21620037
Corrida completa,competition,5931,0.24343385
Corrida completa,surprised,1401,0.24154338
Corrida completa,Jen,1610,0.23006858
Corrida completa,lamb,6170,0.25992364
Corrida completa,pleasure,6508,0.22525413
Corrida completa,dishes,4102,0.20582703
Corrida completa,leaves,1499,0.2419823
Corrida completa,frag,3208,0.23353031
Corrida completa,wrap,3158,0.24015115
Corrida completa,across,1755,0.24954835
Corrida completa,won,1632,0.2227403
Corrida completa,conflict,7424,0.23744655
Corrida completa,gardener,7171,0.24902631
Corrida completa,Joey,3799,0.21022746
Corrida completa,pout,6003,0.22920983
Corrida completa,naughty,1944,0.21268749
Corrida completa,O,2070,0.25019974
Corrida completa,Paul,3828,0.25255904
Corrida completa,examining,7260,0.2149349
Corrida completa,model,5049,0.23757641
Corrida completa,master,7271,0.2170017
Corrida completa,course,1883,0.25777373
Corrida completa,accident,1847,0.20089762
Corrida completa,looks,1344,0.22516567
Corrida completa,doggy,5297,0.24078114
Corrida completa,pockets,5906,0.2157346
Corrida completa,disgust,3654,0.22281426
Corrida completa,Sm,3779,0.21151316
Corrida completa,tasting,7991,0.21313542
Corrida completa,plain,7110,0.28094727
Corrida completa,gesture,7783,0.21199796
Corrida completa,craw,2926,0.22468182
Corrida completa,contro,5739,0.22242948
Corrida completa,suits,7374,0.24168992
Corrida completa,sports,6861,0.23092781
Corrida completa,silent,6886,0.21533635
Corrida completa,scare,3137,0.21400088
Corrida completa,wing,3529,0.23390402
Corrida completa,neatly,6952,0.26459897
Corrida completa,surrendered,7060,0.21761926
Corrida completa,comple,5458,0.21961178
Corrida completa,staring,6064,0.24689317
Corrida completa,gobbled,6665,0.2650161
Corrida completa,yog,3214,0.18889248
Corrida completa,finished,1398,0.25641704
Corrida completa,Mum,2518,0.2289069
Corrida completa,tear,4384,0.2178241
Corrida completa,bes,5294,0.23832056
Corrida completa,refuse,7703,0.243764
Corrida completa,fool,3002,0.20755461
Corrida completa,cubes,7075,0.22414306
Corrida completa,twig,3135,0.22542927
Corrida completa,cupcake,7926,0.21757554
Corrida completa,cro,2556,0.21977408
Corrida completa,masks,6613,0.24890882
Corrida completa,pumpkins,6909,0.20498043
Corrida completa,fixing,5229,0.21641207
Corrida completa,soon,936,0.23652565
Corrida completa,Snow,4217,0.22649224
Corrida completa,Stitch,7463,0.21872608
Corrida completa,twisting,7831,0.22175547
Corrida completa,gloomy,3736,0.262004
Corrida completa,plants,2573,0.21360815
Corrida completa,made,559,0.24766831
Corrida completa,symbol,3928,0.23279923
Corrida completa,perfect,1524,0.22884944
Corrida completa,shot,5014,0.26263618
Corrida completa,succeeded,5515,0.238331
Corrida completa,tells,2553,0.22053468
Corrida completa,popped,4556,0.24266274
Corrida completa,rocks,1924,0.21043041
Corrida completa,dream,1421,0.23031282
Corrida completa,observe,5239,0.22660305
Corrida completa,Bet,4672,0.24538662
Corrida completa,fam,865,0.24877019
Corrida completa,tried,733,0.21317883
Corrida completa,twirled,3526,0.21823649
Corrida completa,unlock,4145,0.22381926
Corrida completa,teach,2350,0.22844218
Corrida completa,bright,1095,0.24288726
Corrida completa,satisfied,5606,0.2314986
Corrida completa,lo,432,0.27545285
Corrida completa,quick,1053,0.20134318
Corrida completa,muscles,5727,0.23499206
Corrida completa,caterp,2658,0.20773144
Corrida completa,shown,7317,0.20998125
Corrida completa,dots,6649,0.28318572
Corrida completa,smallest,7113,0.24889621
Corrida completa,wild,2276,0.21420103
Corrida completa,wrong,1435,0.25639918
Corrida completa,daisy,4913,0.21153088
Corrida completa,searched,2115,0.25795174
Corrida completa,coc,7014,0.21706483
Corrida completa,libr,3148,0.24357095
Corrida completa,Goodbye,6890,0.2588465
Corrida completa,tur,3801,0.22657622
Corrida completa,Lisa,2485,0.22946627
Corrida completa,polish,4013,0.20637792
Corrida completa,whistle,2443,0.23766212
Corrida completa,bites,5225,0.2296212
Corrida completa,vi,4024,0.20390058
Corrida completa,cooking,3569,0.21460165
Corrida completa,unus,2858,0.24328506
Corrida completa,jet,3758,0.2168892
Corrida completa,valued,6253,0.22472928
Corrida completa,forgave,4019,0.22399777
Corrida completa,guests,7022,0.22822316
Corrida completa,mir,2787,0.28557074
Corrida completa,colour,2365,0.2520315
Corrida completa,struggling,5038,0.20836829
Corrida completa,sandbox,4206,0.23142932
Corrida completa,this,764,0.21046938
Corrida completa,respected,7135,0.22483543
Corrida completa,talent,5453,0.21287262
Corrida completa,pist,4906,0.23598948
Corrida completa,The,299,0.25559774
Corrida completa,responsib,7640,0.24904445
Corrida completa,peanut,3356,0.2291684
Corrida completa,cuddles,7777,0.22104213
Corrida completa,yach,4137,0.20814563
Corrida completa,roars,7276,0.19831982
Corrida completa,airplane,4966,0.21695262
Corrida completa,prunes,6291,0.23035014
Corrida completa,hive,3931,0.23524426
Corrida completa,promise,2123,0.20225482
Corrida completa,calls,4877,0.24490635
Corrida completa,crocodile,3518,0.20585671
Corrida completa,angry,949,0.23915672
Corrida completa,fragile,3266,0.24470724
Corrida completa,farmer,1756,0.20454009
Corrida completa,creatures,3603,0.21176621
Corrida completa,applauded,5805,0.21607164
Corrida completa,attack,6470,0.2207722
Corrida completa,Jill,1768,0.2085072
Corrida completa,ye,1118,0.21894063
Corrida completa,them,450,0.3022006
Corrida completa,splashes,6459,0.20570587
Corrida completa,licking,7403,0.22147407
Corrida completa,rolls,6186,0.23158868
Corrida completa,songs,2427,0.2281257
Corrida completa,pic,948,0.23616444
Corrida completa,counter,4336,0.21519053
Corrida completa,organize,3977,0.2276567
Corrida completa,Take,7295,0.22344781
Corrida completa,spell,3808,0.1992225
Corrida completa,warning,5137,0.20669785
Corrida completa,would,523,0.2755017
Corrida completa,Sadly,6156,0.22371739
Corrida completa,wanting,5358,0.24394621
Corrida completa,apologized,4250,0.25121891
Corrida completa,hugs,1957,0.22801767
Corrida completa,moves,4557,0.23643021
Corrida completa,easily,4732,0.18916073
Corrida completa,punished,5763,0.23237887
Corrida completa,moo,7247,0.23593237
Corrida completa,battery,4789,0.2224939
Corrida completa,extra,2839,0.23711199
Corrida completa,listening,4041,0.25320774
Corrida completa,guide,8129,0.23858348
Corrida completa,oats,5387,0.23031498
Corrida completa,parents,1305,0.21140422
Corrida completa,magic,1270,0.20605016
Corrida completa,wonders,5751,0.22706962
Corrida completa,brick,5312,0.213211
Corrida completa,congratul,7453,0.20407036
Corrida completa,van,2595,0.19574499
Corrida completa,pens,7272,0.21116017
Corrida completa,counted,3262,0.27062684
Corrida completa,yacht,4172,0.19713436
Corrida completa,ornament,5525,0.25010374
Corrida completa,brus,5325,0.26612738
Corrida completa,listened,1579,0.23015854
Corrida completa,circus,5414,0.2029064
Corrida completa,team,2755,0.2112693
Corrida completa,recognized,5292,0.22837926
Corrida completa,respond,7117,0.2889821
Corrida completa,nood,6961,0.23973644
Corrida completa,kind,820,0.19946066
Corrida completa,exp,1929,0.20160234
Corrida completa,hedgehog,6474,0.26265883
Corrida completa,ugly,2580,0.19973452
Corrida completa,Jessie,6413,0.20915657
Corrida completa,Jojo,7630,0.2177496
Corrida completa,mister,5428,0.23354976
Corrida completa,eagerly,4411,0.22010194
Corrida completa,ur,3982,0.21027705
Corrida completa,then,586,0.21919009
Corrida completa,action,7412,0.21173039
Corrida completa,Brownie,4039,0.25896886
Corrida completa,tape,2921,0.20574553
Corrida completa,teddy,1658,0.2479969
Corrida completa,sniffed,4559,0.23458767
Corrida completa,tour,5631,0.23506372
Corrida completa,cowb,6672,0.22926654
Corrida completa,knee,2425,0.22787611
Corrida completa,Simon,8007,0.21221194
Corrida completa,mixer,4080,0.2296218
Corrida completa,snail,5337,0.23964936
Corrida completa,back,486,0.2309393
Corrida completa,poison,4917,0.21641716
Corrida completa,Bir,5839,0.23983939
Corrida completa,neat,3673,0.23620135
Corrida completa,Teddy,2581,0.2329104
Corrida completa,shake,3009,0.25270462
Corrida completa,emp,2423,0.22514352
Corrida completa,bury,4513,0.2715836
