tipo_corrida,estado,candidatos,consulta,consulta_id,rango,token,token_id,coseno,pasa_filtro
Corrida completa,inicial,palabras enteras,dog,643,1,Ġgerms,8113,0.22355255484580994,True
Corrida completa,inicial,palabras enteras,dog,643,2,Ġdanger,1633,0.20130643248558044,True
Corrida completa,inicial,palabras enteras,dog,643,3,Ġstay,888,0.19433289766311646,True
Corrida completa,inicial,palabras enteras,dog,643,4,Ġdogs,2872,0.1891867220401764,True
Corrida completa,inicial,palabras enteras,dog,643,5,ĠBu,3226,0.1866658627986908,True
Corrida completa,inicial,palabras enteras,dog,643,6,Ġru,1238,0.18502314388751984,True
Corrida completa,inicial,palabras enteras,dog,643,7,ĠPut,6447,0.18456155061721802,True
Corrida completa,inicial,palabras enteras,dog,643,8,Ġequ,4972,0.18368050456047058,True
Corrida completa,inicial,palabras enteras,dog,643,9,Ġbrushed,5578,0.18294310569763184,True
Corrida completa,inicial,palabras enteras,dog,643,10,Ġgrandpa,3186,0.1811310052871704,True
Corrida completa,inicial,palabras enteras,cat,705,1,Ġrace,1694,0.22403717041015625,True
Corrida completa,inicial,palabras enteras,cat,705,2,Ġweird,3057,0.22061775624752045,True
Corrida completa,inicial,palabras enteras,cat,705,3,Ġherself,1430,0.20476579666137695,True
Corrida completa,inicial,palabras enteras,cat,705,4,Ġrecognize,5612,0.19356906414031982,True
Corrida completa,inicial,palabras enteras,cat,705,5,Ġur,3982,0.19000746309757233,True
Corrida completa,inicial,palabras enteras,cat,705,6,Ġwe,367,0.1896338313817978,True
Corrida completa,inicial,palabras enteras,cat,705,7,Ġclearing,5282,0.18961049616336823,True
Corrida completa,inicial,palabras enteras,cat,705,8,Ġpins,7517,0.18938785791397095,True
Corrida completa,inicial,palabras enteras,cat,705,9,Ġbad,919,0.18916164338588715,True
Corrida completa,inicial,palabras enteras,cat,705,10,Ġavoc,3956,0.18887808918952942,True
Corrida completa,inicial,palabras enteras,happy,402,1,Ġbreath,2535,0.26969146728515625,True
Corrida completa,inicial,palabras enteras,happy,402,2,Ġsteak,4334,0.2338385283946991,True
Corrida completa,inicial,palabras enteras,happy,402,3,Ġknot,4195,0.21696041524410248,True
Corrida completa,inicial,palabras enteras,happy,402,4,Ġeventually,2331,0.2040337324142456,True
Corrida completa,inicial,palabras enteras,happy,402,5,ĠJeff,6052,0.1919407695531845,True
Corrida completa,inicial,palabras enteras,happy,402,6,Ġmetal,3368,0.18774259090423584,True
Corrida completa,inicial,palabras enteras,happy,402,7,Ġpatience,6177,0.18646705150604248,True
Corrida completa,inicial,palabras enteras,happy,402,8,Ġste,1294,0.18496626615524292,True
Corrida completa,inicial,palabras enteras,happy,402,9,Ġgame,1256,0.18384049832820892,True
Corrida completa,inicial,palabras enteras,happy,402,10,Ġlent,7563,0.18289056420326233,True
Corrida completa,inicial,palabras enteras,sad,571,1,Ġeverywhere,1729,0.24603991210460663,True
Corrida completa,inicial,palabras enteras,sad,571,2,Ġfear,2533,0.2323807328939438,True
Corrida completa,inicial,palabras enteras,sad,571,3,ĠLike,5959,0.22617144882678986,True
Corrida completa,inicial,palabras enteras,sad,571,4,Ġfrosting,5876,0.2242189347743988,True
Corrida completa,inicial,palabras enteras,sad,571,5,Ġscratched,5467,0.22030854225158691,True
Corrida completa,inicial,palabras enteras,sad,571,6,Ġinsist,4185,0.21560251712799072,True
Corrida completa,inicial,palabras enteras,sad,571,7,Ġco,565,0.19556066393852234,True
Corrida completa,inicial,palabras enteras,sad,571,8,Ġnests,8063,0.1860257387161255,True
Corrida completa,inicial,palabras enteras,sad,571,9,ĠMany,6329,0.17933936417102814,True
Corrida completa,inicial,palabras enteras,sad,571,10,Ġwraps,6832,0.17928481101989746,True
Corrida completa,inicial,palabras enteras,spoon,2080,1,Ġafternoon,3676,0.23842093348503113,True
Corrida completa,inicial,palabras enteras,spoon,2080,2,Ġbirthday,2112,0.22581930458545685,True
Corrida completa,inicial,palabras enteras,spoon,2080,3,Ġdecor,2514,0.22120393812656403,True
Corrida completa,inicial,palabras enteras,spoon,2080,4,ĠFido,6822,0.20171046257019043,True
Corrida completa,inicial,palabras enteras,spoon,2080,5,Ġpicnics,8167,0.19708171486854553,True
Corrida completa,inicial,palabras enteras,spoon,2080,6,Ġtrapped,5457,0.193368062376976,True
Corrida completa,inicial,palabras enteras,spoon,2080,7,Ġtom,1992,0.18764188885688782,True
Corrida completa,inicial,palabras enteras,spoon,2080,8,Ġfighting,2404,0.18714773654937744,True
Corrida completa,inicial,palabras enteras,spoon,2080,9,Ġbudge,5712,0.18456636369228363,True
Corrida completa,inicial,palabras enteras,spoon,2080,10,Ġstruck,5590,0.1835964024066925,True
Corrida completa,entrenado,palabras enteras,dog,643,1,Ġcat,705,0.5867089033126831,True
Corrida completa,entrenado,palabras enteras,dog,643,2,Ġpuppy,1546,0.5520119667053223,True
Corrida completa,entrenado,palabras enteras,dog,643,3,Ġpup,3388,0.4587412178516388,True
Corrida completa,entrenado,palabras enteras,dog,643,4,Ġmule,4302,0.45356953144073486,True
Corrida completa,entrenado,palabras enteras,dog,643,5,Ġwolf,2609,0.45050156116485596,True
Corrida completa,entrenado,palabras enteras,dog,643,6,Ġsquirrel,1509,0.4393099844455719,True
Corrida completa,entrenado,palabras enteras,dog,643,7,Ġdoggy,5297,0.4371579587459564,True
Corrida completa,entrenado,palabras enteras,dog,643,8,Ġmonster,1743,0.42300471663475037,True
Corrida completa,entrenado,palabras enteras,dog,643,9,Ġkitten,2412,0.41495198011398315,True
Corrida completa,entrenado,palabras enteras,dog,643,10,ĠRex,2791,0.40993648767471313,True
Corrida completa,entrenado,palabras enteras,cat,705,1,Ġdog,643,0.5867089033126831,True
Corrida completa,entrenado,palabras enteras,cat,705,2,Ġmouse,1316,0.5091735124588013,True
Corrida completa,entrenado,palabras enteras,cat,705,3,Ġpuppy,1546,0.49341708421707153,True
Corrida completa,entrenado,palabras enteras,cat,705,4,Ġkitten,2412,0.49086588621139526,True
Corrida completa,entrenado,palabras enteras,cat,705,5,Ġrabbit,1103,0.4812966287136078,True
Corrida completa,entrenado,palabras enteras,cat,705,6,Ġcow,2007,0.4497610330581665,True
Corrida completa,entrenado,palabras enteras,cat,705,7,Ġwolf,2609,0.4293763041496277,True
Corrida completa,entrenado,palabras enteras,cat,705,8,Ġhorse,2223,0.42859187722206116,True
Corrida completa,entrenado,palabras enteras,cat,705,9,Ġpig,1975,0.4195614159107208,True
Corrida completa,entrenado,palabras enteras,cat,705,10,Ġbird,535,0.4177541136741638,True
Corrida completa,entrenado,palabras enteras,happy,402,1,Ġglad,1229,0.5231693387031555,True
Corrida completa,entrenado,palabras enteras,happy,402,2,Ġrelieved,2025,0.5217805504798889,True
Corrida completa,entrenado,palabras enteras,happy,402,3,Ġexcited,609,0.5095047950744629,True
Corrida completa,entrenado,palabras enteras,happy,402,4,Ġlucky,2120,0.4778832793235779,True
Corrida completa,entrenado,palabras enteras,happy,402,5,Ġdelighted,3241,0.47476986050605774,True
Corrida completa,entrenado,palabras enteras,happy,402,6,Ġoverjoyed,5553,0.45724958181381226,True
Corrida completa,entrenado,palabras enteras,happy,402,7,Ġsad,571,0.4564211964607239,True
Corrida completa,entrenado,palabras enteras,happy,402,8,Ġhappier,3924,0.4449167549610138,True
Corrida completa,entrenado,palabras enteras,happy,402,9,Ġpleased,2681,0.4353199601173401,True
Corrida completa,entrenado,palabras enteras,happy,402,10,Ġsatisfied,5606,0.43196940422058105,True
Corrida completa,entrenado,palabras enteras,sad,571,1,Ġupset,1896,0.6575005650520325,True
Corrida completa,entrenado,palabras enteras,sad,571,2,Ġfrustrated,2591,0.6247022747993469,True
Corrida completa,entrenado,palabras enteras,sad,571,3,Ġmiserable,3826,0.5834457278251648,True
Corrida completa,entrenado,palabras enteras,sad,571,4,Ġtroubled,4073,0.583158016204834,True
Corrida completa,entrenado,palabras enteras,sad,571,5,Ġguilty,3396,0.5739235877990723,True
Corrida completa,entrenado,palabras enteras,sad,571,6,Ġunhappy,4188,0.5653756856918335,True
Corrida completa,entrenado,palabras enteras,sad,571,7,Ġlonely,1887,0.5630097985267639,True
Corrida completa,entrenado,palabras enteras,sad,571,8,Ġworried,1678,0.5506510138511658,True
Corrida completa,entrenado,palabras enteras,sad,571,9,Ġcry,987,0.5344830751419067,True
Corrida completa,entrenado,palabras enteras,sad,571,10,Ġconfused,2314,0.519694447517395,True
Corrida completa,entrenado,palabras enteras,spoon,2080,1,Ġfork,3417,0.5153415203094482,True
Corrida completa,entrenado,palabras enteras,spoon,2080,2,Ġpan,2364,0.4479999840259552,True
Corrida completa,entrenado,palabras enteras,spoon,2080,3,Ġwand,2976,0.4395633041858673,True
Corrida completa,entrenado,palabras enteras,spoon,2080,4,Ġcup,1681,0.4390145540237427,True
Corrida completa,entrenado,palabras enteras,spoon,2080,5,Ġbowl,1792,0.4178128242492676,True
Corrida completa,entrenado,palabras enteras,spoon,2080,6,Ġplate,2475,0.4118625521659851,True
Corrida completa,entrenado,palabras enteras,spoon,2080,7,Ġpen,1693,0.40882545709609985,True
Corrida completa,entrenado,palabras enteras,spoon,2080,8,Ġknife,2938,0.40369200706481934,True
Corrida completa,entrenado,palabras enteras,spoon,2080,9,Ġcrayon,3184,0.3993433713912964,True
Corrida completa,entrenado,palabras enteras,spoon,2080,10,Ġrod,3952,0.39515209197998047,True
