tipo_corrida,estado,palabra,token_id,pc1,pc2,es_consulta
SMOKE · validación técnica,inicial,Abby,6634,0.06752559,0.0800589,False
SMOKE · validación técnica,inicial,All,1680,-0.05743371,-0.014285716,False
SMOKE · validación técnica,inicial,Although,7371,-0.013939762,-0.10884049,False
SMOKE · validación técnica,inicial,Ann,2612,0.050655615,0.15364471,False
SMOKE · validación técnica,inicial,Ashley,7380,0.046304487,0.07763958,False
SMOKE · validación técnica,inicial,Bessie,6882,-0.102484785,-0.02293976,False
SMOKE · validación técnica,inicial,Bir,5839,-0.033118986,0.11661201,False
SMOKE · validación técnica,inicial,Br,2711,0.12279103,0.0041572955,False
SMOKE · validación técnica,inicial,Bun,4583,0.12174633,0.07235583,False
SMOKE · validación técnica,inicial,Ch,2426,0.012325211,0.010449674,False
SMOKE · validación técnica,inicial,Christmas,6278,-0.09327574,0.0279169,False
SMOKE · validación técnica,inicial,Cl,3836,-0.056266524,0.13302782,False
SMOKE · validación técnica,inicial,Cle,7724,-0.021884978,-0.061426427,False
SMOKE · validación técnica,inicial,Dan,5015,0.013315224,-0.08120222,False
SMOKE · validación técnica,inicial,Each,4836,0.14319682,-0.059220534,False
SMOKE · validación técnica,inicial,Emmy,6399,-0.1009408,0.017718095,False
SMOKE · validación técnica,inicial,Even,2542,-0.060989942,0.013568851,False
SMOKE · validación técnica,inicial,Everybody,6688,-0.25551406,0.030059446,False
SMOKE · validación técnica,inicial,Fro,5431,-0.051916175,-0.025340412,False
SMOKE · validación técnica,inicial,Goodbye,6890,0.0733672,0.017006744,False
SMOKE · validación técnica,inicial,Happy,6535,0.15177804,-0.20694035,False
SMOKE · validación técnica,inicial,Help,4729,0.08638366,0.038497675,False
SMOKE · validación técnica,inicial,J,471,-0.19177212,-0.00039876718,False
SMOKE · validación técnica,inicial,Jacky,6754,-0.03578463,-0.016433071,False
SMOKE · validación técnica,inicial,Jazz,6703,-0.08126087,-0.1379371,False
SMOKE · validación técnica,inicial,Jeff,6052,-0.0770773,-0.043252204,False
SMOKE · validación técnica,inicial,Joe,1299,-0.03663166,0.023857184,False
SMOKE · validación técnica,inicial,Josh,5894,-0.18210042,-0.074385256,False
SMOKE · validación técnica,inicial,Jul,4642,0.031730603,-0.011557355,False
SMOKE · validación técnica,inicial,Julia,6571,0.124765866,-0.08059747,False
SMOKE · validación técnica,inicial,Katie,5494,-0.042468596,-0.17553614,False
SMOKE · validación técnica,inicial,Li,6771,0.04796291,0.12825239,False
SMOKE · validación técnica,inicial,Listen,6979,-0.053170048,0.16494295,False
SMOKE · validación técnica,inicial,Many,6329,0.18580784,0.023850348,False
SMOKE · validación técnica,inicial,Mar,3366,0.18492478,0.062880136,False
SMOKE · validación técnica,inicial,Max,704,-0.2837649,0.018817518,False
SMOKE · validación técnica,inicial,Me,5372,-0.031731125,0.15351106,False
SMOKE · validación técnica,inicial,Mia,861,-0.03984133,-0.24167751,False
SMOKE · validación técnica,inicial,Milo,6365,0.008688991,0.09058448,False
SMOKE · validación técnica,inicial,Miss,5001,0.13422038,0.026337247,False
SMOKE · validación técnica,inicial,Mon,6465,0.07519,-0.20650832,False
SMOKE · validación técnica,inicial,Mr,1815,-0.16460355,0.03245515,False
SMOKE · validación técnica,inicial,Nina,6968,-0.09342032,-0.16776049,False
SMOKE · validación técnica,inicial,Penny,5079,0.040969778,-0.030147213,False
SMOKE · validación técnica,inicial,People,5126,-0.056544185,-0.070838235,False
SMOKE · validación técnica,inicial,Pete,3095,0.05778852,-0.116521426,False
SMOKE · validación técnica,inicial,Q,6932,0.16896404,0.10884939,False
SMOKE · validación técnica,inicial,Rex,2791,-0.051164217,0.049922094,False
SMOKE · validación técnica,inicial,Rose,3289,0.20031425,0.17218925,False
SMOKE · validación técnica,inicial,S,298,0.22896518,-0.13214272,False
SMOKE · validación técnica,inicial,Smo,7518,0.056195796,-0.024726514,False
SMOKE · validación técnica,inicial,Sn,3645,0.006549136,0.009621802,False
SMOKE · validación técnica,inicial,Snow,4217,-0.03711338,0.048118416,False
SMOKE · validación técnica,inicial,So,829,0.060862355,-0.019039776,False
SMOKE · validación técnica,inicial,Someone,5470,0.12388722,-0.011659603,False
SMOKE · validación técnica,inicial,Sometimes,2467,0.059767,0.07692508,False
SMOKE · validación técnica,inicial,Spark,5641,-0.012144432,-0.03756348,False
SMOKE · validación técnica,inicial,Spike,4968,-0.040000778,-0.05907013,False
SMOKE · validación técnica,inicial,Susie,2953,-0.045010038,0.07548335,False
SMOKE · validación técnica,inicial,Tess,6482,0.039253782,-0.006862006,False
SMOKE · validación técnica,inicial,Their,2567,-0.029216405,-0.24342163,False
SMOKE · validación técnica,inicial,V,5068,0.09222431,0.04744779,False
SMOKE · validación técnica,inicial,W,528,0.17315309,-0.033144154,False
SMOKE · validación técnica,inicial,What,1602,0.0629952,0.03004152,False
SMOKE · validación técnica,inicial,Your,3552,0.18370245,0.09446975,False
SMOKE · validación técnica,inicial,Zoomy,7904,0.097932555,0.10000117,False
SMOKE · validación técnica,inicial,achieve,5995,0.13017002,0.040751636,False
SMOKE · validación técnica,inicial,acted,5877,-0.17871167,0.060570467,False
SMOKE · validación técnica,inicial,aer,4339,-0.11277823,7.278193e-05,False
SMOKE · validación técnica,inicial,aeroplane,4501,0.043024912,0.04648863,False
SMOKE · validación técnica,inicial,after,1054,-0.07858624,-0.08415046,False
SMOKE · validación técnica,inicial,afternoon,3676,-0.089688264,0.012007495,False
SMOKE · validación técnica,inicial,agree,4735,-0.04909962,0.052677345,False
SMOKE · validación técnica,inicial,all,474,-0.1482893,0.4024056,False
SMOKE · validación técnica,inicial,allow,5601,-0.05104601,-0.06385749,False
SMOKE · validación técnica,inicial,ant,2400,0.051071458,0.11346123,False
SMOKE · validación técnica,inicial,applauded,5805,-0.08045036,0.008412004,False
SMOKE · validación técnica,inicial,argum,7861,0.10085048,-0.005726089,False
SMOKE · validación técnica,inicial,arranged,7423,-0.24116021,-0.03768536,False
SMOKE · validación técnica,inicial,asks,1669,-0.13349439,0.2666432,False
SMOKE · validación técnica,inicial,aut,4561,0.051340777,-0.029234339,False
SMOKE · validación técnica,inicial,back,486,0.16135229,0.07319844,False
SMOKE · validación técnica,inicial,backpack,3875,-0.13278878,-0.07884046,False
SMOKE · validación técnica,inicial,balance,3065,-0.08357399,-0.037400495,False
SMOKE · validación técnica,inicial,ban,2363,-0.056214124,0.09444839,False
SMOKE · validación técnica,inicial,barely,5656,-0.04924767,0.014689566,False
SMOKE · validación técnica,inicial,bath,1813,0.103507526,-0.033349928,False
SMOKE · validación técnica,inicial,beans,4888,0.1474833,0.11522329,False
SMOKE · validación técnica,inicial,beaut,842,0.004828482,-0.0910833,False
SMOKE · validación técnica,inicial,beauti,868,-0.18268533,0.091883294,False
SMOKE · validación técnica,inicial,beeped,8172,0.11072162,0.13096552,False
SMOKE · validación técnica,inicial,bells,7285,0.051477272,0.019630387,False
SMOKE · validación técnica,inicial,birdhouse,8050,-0.07009071,-0.009813403,False
SMOKE · validación técnica,inicial,bl,624,-0.024295937,0.16893391,False
SMOKE · validación técnica,inicial,blackboard,4751,0.13465475,-0.024958711,False
SMOKE · validación técnica,inicial,blueber,3610,-0.15646787,-0.060942043,False
SMOKE · validación técnica,inicial,book,932,0.05033551,0.06199201,False
SMOKE · validación técnica,inicial,books,1477,0.0057585696,-0.014095346,False
SMOKE · validación técnica,inicial,bookshelf,5152,0.1521851,-0.015166356,False
SMOKE · validación técnica,inicial,bossy,3189,-0.31677145,-0.16489874,False
SMOKE · validación técnica,inicial,both,902,-0.047820922,0.063646086,False
SMOKE · validación técnica,inicial,bouquet,8079,-0.04633439,-0.005037426,False
SMOKE · validación técnica,inicial,brain,4910,-0.008893459,0.072116084,False
SMOKE · validación técnica,inicial,bravely,4757,0.09860041,-0.01960696,False
SMOKE · validación técnica,inicial,bully,6846,-0.052922867,-0.12745039,False
SMOKE · validación técnica,inicial,butter,1189,0.17571367,0.09189829,False
SMOKE · validación técnica,inicial,calling,2837,-0.14855067,-0.08529372,False
SMOKE · validación técnica,inicial,card,2322,0.030181084,-0.09876285,False
SMOKE · validación técnica,inicial,cat,705,0.08009403,-0.142103,True
SMOKE · validación técnica,inicial,caterpill,2659,0.17863137,-0.18891352,False
SMOKE · validación técnica,inicial,cats,3825,0.06692743,-0.121728785,False
SMOKE · validación técnica,inicial,cauliflower,4090,0.14361323,0.018156912,False
SMOKE · validación técnica,inicial,ceiling,4452,-0.0065727076,-0.04093324,False
SMOKE · validación técnica,inicial,chase,3069,-0.09757516,-0.013370982,False
SMOKE · validación técnica,inicial,cheeks,6548,-0.029663652,-0.07610687,False
SMOKE · validación técnica,inicial,chick,2351,-0.12940592,0.047062114,False
SMOKE · validación técnica,inicial,child,1137,-0.054202735,0.12975012,False
SMOKE · validación técnica,inicial,church,4656,-0.14039387,0.18430902,False
SMOKE · validación técnica,inicial,clapping,3900,-0.09287832,0.13973925,False
SMOKE · validación técnica,inicial,closet,2729,-0.1045394,0.14920749,False
SMOKE · validación técnica,inicial,competit,3168,-0.08697026,0.14744824,False
SMOKE · validación técnica,inicial,cones,5802,0.10926293,0.048619207,False
SMOKE · validación técnica,inicial,contin,1440,0.07384155,0.0371175,False
SMOKE · validación técnica,inicial,conversation,7582,-0.057529252,0.049326174,False
SMOKE · validación técnica,inicial,copy,6761,0.049774226,-0.120337255,False
SMOKE · validación técnica,inicial,coral,7246,0.09182916,0.06841986,False
SMOKE · validación técnica,inicial,cotton,7944,-0.04668939,-0.1260754,False
SMOKE · validación técnica,inicial,cous,6663,-0.09733334,0.0155005045,False
SMOKE · validación técnica,inicial,cousin,7144,0.10076136,0.009673796,False
SMOKE · validación técnica,inicial,crack,2826,0.12236685,-0.0020891791,False
SMOKE · validación técnica,inicial,cracked,6324,-0.06515012,0.061560776,False
SMOKE · validación técnica,inicial,craft,7599,0.09602986,-0.024914797,False
SMOKE · validación técnica,inicial,creativity,6905,0.05642942,0.15011878,False
SMOKE · validación técnica,inicial,cuddle,5654,-0.060495332,-0.02835067,False
SMOKE · validación técnica,inicial,curiosity,5444,0.08155243,0.16098733,False
SMOKE · validación técnica,inicial,cute,2081,-0.010495811,0.10003378,False
SMOKE · validación técnica,inicial,cuts,6252,-0.09511433,-0.032246,False
SMOKE · validación técnica,inicial,dam,5818,0.09244343,0.028675467,False
SMOKE · validación técnica,inicial,days,2066,0.050481994,-0.0003067283,False
SMOKE · validación técnica,inicial,de,1092,-0.12107563,0.044854138,False
SMOKE · validación técnica,inicial,decorations,5196,0.15219489,0.11070449,False
SMOKE · validación técnica,inicial,defe,7256,0.04039926,0.23871586,False
SMOKE · validación técnica,inicial,delayed,7910,-0.050997302,-0.02589465,False
SMOKE · validación técnica,inicial,det,6767,0.10778911,0.13260819,False
SMOKE · validación técnica,inicial,did,459,-0.08279173,-0.020938266,False
SMOKE · validación técnica,inicial,dinosaur,2696,-0.008426396,0.2509768,False
SMOKE · validación técnica,inicial,direct,6237,-0.026434869,-0.013754369,False
SMOKE · validación técnica,inicial,distant,3851,-0.07325438,0.004293398,False
SMOKE · validación técnica,inicial,dived,7236,-0.008862919,-0.03129344,False
SMOKE · validación técnica,inicial,dog,643,-0.04254158,-0.02442113,True
SMOKE · validación técnica,inicial,drawings,4144,0.0608513,-0.07128928,False
SMOKE · validación técnica,inicial,dreamt,6586,0.045685306,-0.04150183,False
SMOKE · validación técnica,inicial,drive,2373,-0.09416176,-0.16880028,False
SMOKE · validación técnica,inicial,drivers,7411,0.024790183,-0.069745176,False
SMOKE · validación técnica,inicial,dro,1354,-0.06377537,-0.022547599,False
SMOKE · validación técnica,inicial,drove,1852,0.10493601,-0.017454531,False
SMOKE · validación técnica,inicial,drums,6795,0.1384451,0.041717056,False
SMOKE · validación técnica,inicial,ears,3089,0.09853856,0.079167984,False
SMOKE · validación técnica,inicial,earthquake,5395,0.13798009,0.04840887,False
SMOKE · validación técnica,inicial,eff,5140,0.12742074,0.066129796,False
SMOKE · validación técnica,inicial,effort,5274,0.017382603,0.13762258,False
SMOKE · validación técnica,inicial,elderly,2904,0.018579893,-0.057350975,False
SMOKE · validación técnica,inicial,elephants,5178,0.03580745,-0.16854626,False
SMOKE · validación técnica,inicial,elevator,3925,0.05220293,0.16300215,False
SMOKE · validación técnica,inicial,emergency,5835,0.013225782,-0.015914474,False
SMOKE · validación técnica,inicial,emp,2423,-0.28374493,0.063293025,False
SMOKE · validación técnica,inicial,encouraging,7307,0.030917581,0.10999955,False
SMOKE · validación técnica,inicial,energy,4109,-0.13732818,-0.038085315,False
SMOKE · validación técnica,inicial,enjoy,1050,-0.10074053,-0.04515858,False
SMOKE · validación técnica,inicial,especially,2751,-0.11750868,0.11500805,False
SMOKE · validación técnica,inicial,everywhere,1729,-0.10428467,0.17919123,False
SMOKE · validación técnica,inicial,exam,2680,0.015766777,-0.0091421055,False
SMOKE · validación técnica,inicial,excitement,2668,0.013301321,0.17663704,False
SMOKE · validación técnica,inicial,exha,6073,0.015320533,0.19038452,False
SMOKE · validación técnica,inicial,experienced,7815,0.078816436,-0.1502965,False
SMOKE · validación técnica,inicial,express,7002,0.08276591,-0.031161677,False
SMOKE · validación técnica,inicial,fabric,5794,0.05334659,0.11634662,False
SMOKE · validación técnica,inicial,factory,4667,-0.042604864,-0.034378126,False
SMOKE · validación técnica,inicial,falls,3177,0.0978087,0.013025963,False
SMOKE · validación técnica,inicial,fan,2082,-0.00633558,0.1474841,False
SMOKE · validación técnica,inicial,fastest,4807,0.072882056,-0.055914756,False
SMOKE · validación técnica,inicial,fearful,3715,-0.032213174,-0.06471754,False
SMOKE · validación técnica,inicial,fi,858,0.036993306,0.16946785,False
SMOKE · validación técnica,inicial,find,633,0.057164423,0.10230864,False
SMOKE · validación técnica,inicial,finger,2731,-0.052188456,-0.08622291,False
SMOKE · validación técnica,inicial,finished,1398,-0.07006855,0.055066083,False
SMOKE · validación técnica,inicial,fire,1236,-0.12998354,0.0035314262,False
SMOKE · validación técnica,inicial,firefight,5338,0.03142149,0.06828474,False
SMOKE · validación técnica,inicial,fits,7346,0.07862176,0.109903075,False
SMOKE · validación técnica,inicial,flap,5491,-0.021083817,0.12376263,False
SMOKE · validación técnica,inicial,flas,6899,-0.021123271,-0.00832701,False
SMOKE · validación técnica,inicial,flood,5207,0.15732752,0.0659595,False
SMOKE · validación técnica,inicial,fluffy,2822,0.12764458,-0.018931922,False
SMOKE · validación técnica,inicial,flut,2724,-0.058046654,0.172202,False
SMOKE · validación técnica,inicial,follow,1128,-0.0007160725,-0.13104644,False
SMOKE · validación técnica,inicial,followed,1436,-0.002719042,-0.03788896,False
SMOKE · validación técnica,inicial,forth,3365,-0.063318126,0.14028674,False
SMOKE · validación técnica,inicial,freed,6133,-0.07419539,0.1341769,False
SMOKE · validación técnica,inicial,fro,1342,0.068614416,-0.21676996,False
SMOKE · validación técnica,inicial,front,2226,0.09015541,0.020483557,False
SMOKE · validación técnica,inicial,fut,5174,0.0660088,0.14778396,False
SMOKE · validación técnica,inicial,geese,7081,-0.01894898,-0.02828483,False
SMOKE · validación técnica,inicial,gem,3192,-0.26784462,0.01286842,False
SMOKE · validación técnica,inicial,gir,3770,-0.09361551,0.13575234,False
SMOKE · validación técnica,inicial,giraff,6473,-0.09807535,-0.11725802,False
SMOKE · validación técnica,inicial,goose,3326,0.050189126,0.14565372,False
SMOKE · validación técnica,inicial,gr,654,-0.13045172,0.09598086,False
SMOKE · validación técnica,inicial,grapes,4135,-0.07028665,-0.095510535,False
SMOKE · validación técnica,inicial,gu,1683,-0.21504515,0.041744817,False
SMOKE · validación técnica,inicial,guests,7022,0.10106545,0.052218236,False
SMOKE · validación técnica,inicial,gym,4581,-0.18424775,0.13186285,False
SMOKE · validación técnica,inicial,handing,7763,0.15699333,0.1366755,False
SMOKE · validación técnica,inicial,happened,1213,-0.04685889,-0.18727574,False
SMOKE · validación técnica,inicial,happy,402,0.10922475,-0.13130997,True
SMOKE · validación técnica,inicial,hate,5368,0.028921254,-0.13697244,False
SMOKE · validación técnica,inicial,hats,3176,0.1761847,0.062376108,False
SMOKE · validación técnica,inicial,hawk,6484,0.15728374,-0.13263239,False
SMOKE · validación técnica,inicial,healthy,2165,-0.0049426826,0.21339512,False
SMOKE · validación técnica,inicial,hearing,6603,-0.15718621,-0.06541369,False
SMOKE · validación técnica,inicial,height,7546,0.16187762,0.05139755,False
SMOKE · validación técnica,inicial,hello,2067,-0.01907337,-0.037219632,False
SMOKE · validación técnica,inicial,help,482,0.06582778,-0.054738563,False
SMOKE · validación técnica,inicial,helping,1750,-0.18160768,-0.020939447,False
SMOKE · validación técnica,inicial,herself,1430,-0.031387117,0.01941353,False
SMOKE · validación técnica,inicial,hesitant,6889,0.13571851,0.19496213,False
SMOKE · validación técnica,inicial,hills,4755,0.00923003,-0.025475916,False
SMOKE · validación técnica,inicial,holiday,4471,0.07874996,-0.02687506,False
SMOKE · validación técnica,inicial,honest,2516,0.07937191,-0.040577274,False
SMOKE · validación técnica,inicial,hoo,8084,0.028171126,-0.17788763,False
SMOKE · validación técnica,inicial,hopes,4601,0.009074063,0.17473954,False
SMOKE · validación técnica,inicial,hopping,2732,-0.020534068,-0.09111681,False
SMOKE · validación técnica,inicial,hosp,2620,0.033666704,0.13736646,False
SMOKE · validación técnica,inicial,humans,7401,-0.08961459,0.020416554,False
SMOKE · validación técnica,inicial,imag,2122,-0.13355063,0.07142546,False
SMOKE · validación técnica,inicial,inchworm,8111,-0.007836054,0.035987645,False
SMOKE · validación técnica,inicial,intelligent,3701,-0.17649196,-0.13159639,False
SMOKE · validación técnica,inicial,investig,4509,0.069340035,-0.0707498,False
SMOKE · validación técnica,inicial,iron,4160,0.13954666,-0.049081955,False
SMOKE · validación técnica,inicial,jars,7957,-0.0859464,-0.07938164,False
SMOKE · validación técnica,inicial,jet,3758,-0.105615325,-0.087502286,False
SMOKE · validación técnica,inicial,jewel,3040,-0.008680503,0.059432045,False
SMOKE · validación técnica,inicial,jewels,5063,0.060501307,-0.06441727,False
SMOKE · validación técnica,inicial,joke,2859,0.120401405,-0.031193051,False
SMOKE · validación técnica,inicial,joking,6621,-0.053364426,0.16651863,False
SMOKE · validación técnica,inicial,jour,1869,0.05651436,0.10491195,False
SMOKE · validación técnica,inicial,journal,4474,0.012778166,0.057365224,False
SMOKE · validación técnica,inicial,jugg,7981,-0.11148912,-0.016612794,False
SMOKE · validación técnica,inicial,jungle,2460,0.07994718,-0.024616186,False
SMOKE · validación técnica,inicial,kid,1209,-0.099076,0.1212052,False
SMOKE · validación técnica,inicial,ladder,2347,0.16950564,-0.18648146,False
SMOKE · validación técnica,inicial,landscape,5721,0.06700294,-0.0859467,False
SMOKE · validación técnica,inicial,laught,4767,0.1232348,-0.06847146,False
SMOKE · validación técnica,inicial,law,3252,0.012052306,-0.075321056,False
SMOKE · validación técnica,inicial,lawn,4518,-0.103078276,0.07876723,False
SMOKE · validación técnica,inicial,learns,6192,0.07155007,0.10288673,False
SMOKE · validación técnica,inicial,lem,2502,0.13677856,-0.24247281,False
SMOKE · validación técnica,inicial,lent,7563,0.027447533,-0.005144053,False
SMOKE · validación técnica,inicial,letter,2057,0.041954644,0.13159683,False
SMOKE · validación técnica,inicial,lights,3313,-0.006614181,-0.18444481,False
SMOKE · validación técnica,inicial,loyal,2947,0.17197482,-0.100726984,False
SMOKE · validación técnica,inicial,machine,2377,-0.055439442,-0.14318447,False
SMOKE · validación técnica,inicial,machines,5955,-0.09387118,0.023037706,False
SMOKE · validación técnica,inicial,mail,1951,0.107147284,0.012790517,False
SMOKE · validación técnica,inicial,map,2829,0.09893496,0.03769841,False
SMOKE · validación técnica,inicial,mark,2019,0.030584157,0.08040297,False
SMOKE · validación técnica,inicial,marker,6060,0.1118222,0.03813578,False
SMOKE · validación técnica,inicial,masks,6613,0.18790078,0.001975854,False
SMOKE · validación técnica,inicial,massage,5199,0.020123914,0.100769915,False
SMOKE · validación técnica,inicial,meadow,2462,0.051621128,0.044010367,False
SMOKE · validación técnica,inicial,mess,1261,0.13075776,0.03434936,False
SMOKE · validación técnica,inicial,mill,3643,-0.069587044,-0.118410684,False
SMOKE · validación técnica,inicial,minut,2274,-0.09186319,-0.09735796,False
SMOKE · validación técnica,inicial,mirror,2905,-0.10303154,-0.12139807,False
SMOKE · validación técnica,inicial,mission,5669,0.0067863315,0.08794965,False
SMOKE · validación técnica,inicial,model,5049,-0.13839515,-0.030560669,False
SMOKE · validación técnica,inicial,moms,3124,0.00032493006,0.057540085,False
SMOKE · validación técnica,inicial,money,1679,-0.110058464,0.03402454,False
SMOKE · validación técnica,inicial,mor,1125,-0.07619663,-0.2734594,False
SMOKE · validación técnica,inicial,mosquitoes,8137,-0.025756408,-0.11433629,False
SMOKE · validación técnica,inicial,mov,2780,0.07937017,-0.03714465,False
SMOKE · validación técnica,inicial,movements,8164,-0.071896054,0.07956504,False
SMOKE · validación técnica,inicial,mu,582,-0.028271843,-0.28410122,False
SMOKE · validación técnica,inicial,mud,2270,-0.118057095,0.03767384,False
SMOKE · validación técnica,inicial,museum,4324,0.034835897,0.14489977,False
SMOKE · validación técnica,inicial,mush,3811,0.16329089,0.037724715,False
SMOKE · validación técnica,inicial,my,672,-0.07773342,-0.09858803,False
SMOKE · validación técnica,inicial,neare,7085,0.04716542,-0.019581418,False
SMOKE · validación técnica,inicial,neck,1937,-0.04451834,-0.03574489,False
SMOKE · validación técnica,inicial,necklaces,7349,-0.02954876,0.112662695,False
SMOKE · validación técnica,inicial,need,785,0.108369716,0.009576495,False
SMOKE · validación técnica,inicial,needs,3047,0.005236226,-0.018794388,False
SMOKE · validación técnica,inicial,neighbors,5610,0.20169048,0.13906816,False
SMOKE · validación técnica,inicial,nervously,7413,0.008601259,-0.06379376,False
SMOKE · validación técnica,inicial,newsp,5124,0.13674401,0.05991294,False
SMOKE · validación técnica,inicial,nodd,8094,-0.15147994,-0.092535086,False
SMOKE · validación técnica,inicial,nodded,1030,-0.09776776,0.07238673,False
SMOKE · validación técnica,inicial,notice,3247,-0.15844509,0.092672564,False
SMOKE · validación técnica,inicial,numbers,3395,-0.10924822,0.09451888,False
SMOKE · validación técnica,inicial,nurse,3374,-0.2591213,0.0066176904,False
SMOKE · validación técnica,inicial,oak,4693,-0.011841181,0.024626028,False
SMOKE · validación técnica,inicial,ordered,5346,-0.120679416,-0.13904245,False
SMOKE · validación técnica,inicial,ordinary,3622,0.011940011,-0.028848313,False
SMOKE · validación técnica,inicial,organizing,6209,0.013411154,0.010847212,False
SMOKE · validación técnica,inicial,other,572,-0.17353256,-0.05001725,False
SMOKE · validación técnica,inicial,pal,4322,0.08863568,0.13111807,False
SMOKE · validación técnica,inicial,pan,2364,0.0419158,-0.07220998,False
SMOKE · validación técnica,inicial,parade,3902,-0.08759517,-0.180147,False
SMOKE · validación técnica,inicial,pare,1258,-0.112096444,0.033628132,False
SMOKE · validación técnica,inicial,part,1306,-0.14307392,0.073616594,False
SMOKE · validación técnica,inicial,path,2220,0.28279153,-0.05040526,False
SMOKE · validación técnica,inicial,paw,2360,-0.045597013,-0.058546204,False
SMOKE · validación técnica,inicial,peaches,5905,0.097023636,-0.067065544,False
SMOKE · validación técnica,inicial,pearl,5723,0.023903038,-0.1636018,False
SMOKE · validación técnica,inicial,peek,4257,-0.07908201,0.019044079,False
SMOKE · validación técnica,inicial,peeking,6162,-0.036100656,-0.05930051,False
SMOKE · validación técnica,inicial,pen,1693,-0.13419059,0.17358045,False
SMOKE · validación técnica,inicial,pencils,6289,-0.09200705,-0.072709434,False
SMOKE · validación técnica,inicial,people,926,0.005245493,-0.083099596,False
SMOKE · validación técnica,inicial,performed,7282,0.014396776,-0.08101655,False
SMOKE · validación técnica,inicial,permit,5482,0.04609074,0.10031191,False
SMOKE · validación técnica,inicial,photo,4321,-0.12449442,0.014676985,False
SMOKE · validación técnica,inicial,pie,1625,-0.07787651,-0.06593937,False
SMOKE · validación técnica,inicial,pige,3515,0.18716525,0.046102542,False
SMOKE · validación técnica,inicial,pink,1521,-0.061779417,0.06959133,False
SMOKE · validación técnica,inicial,pit,4617,0.14374651,0.088973545,False
SMOKE · validación técnica,inicial,plans,6806,-0.07621399,0.07199709,False
SMOKE · validación técnica,inicial,pleasure,6508,-0.051723473,-0.041332267,False
SMOKE · validación técnica,inicial,poke,4589,0.016237319,-0.09661604,False
SMOKE · validación técnica,inicial,polished,6196,-0.08666774,-0.015976988,False
SMOKE · validación técnica,inicial,possible,5334,0.10982414,0.20075211,False
SMOKE · validación técnica,inicial,powder,4338,-0.07312624,-0.037477635,False
SMOKE · validación técnica,inicial,pray,2784,-0.023711815,-0.23085792,False
SMOKE · validación técnica,inicial,preparing,7351,-0.12204604,-0.0760444,False
SMOKE · validación técnica,inicial,presented,7859,0.103651896,0.09743311,False
SMOKE · validación técnica,inicial,pret,773,-0.20076679,-0.10501299,False
SMOKE · validación técnica,inicial,prettier,6980,0.09029157,0.17318608,False
SMOKE · validación técnica,inicial,prettiest,5629,-0.0055405414,0.04034472,False
SMOKE · validación técnica,inicial,pro,1737,-0.022755083,0.06309809,False
SMOKE · validación técnica,inicial,protect,2228,-0.13865095,0.04723179,False
SMOKE · validación técnica,inicial,pulled,1641,-0.12577556,0.09566093,False
SMOKE · validación técnica,inicial,pushed,1857,0.06451555,0.010775498,False
SMOKE · validación técnica,inicial,qui,7688,-0.09441806,0.11903272,False
SMOKE · validación técnica,inicial,rabbit,1103,0.078656875,0.026184298,False
SMOKE · validación técnica,inicial,racing,5270,-0.07577636,0.03384426,False
SMOKE · validación técnica,inicial,rad,2642,-0.13522416,-0.08816787,False
SMOKE · validación técnica,inicial,raincoat,6333,-0.06988343,0.09744527,False
SMOKE · validación técnica,inicial,recognized,5292,-0.2004624,0.12723929,False
SMOKE · validación técnica,inicial,reg,2673,-0.001219037,-0.16197489,False
SMOKE · validación técnica,inicial,requ,4626,-0.082389586,0.10433134,False
SMOKE · validación técnica,inicial,restore,4950,0.04175038,0.042619403,False
SMOKE · validación técnica,inicial,ride,1608,-0.08724216,-0.008498562,False
SMOKE · validación técnica,inicial,ripe,6351,-0.20737529,0.014398596,False
SMOKE · validación técnica,inicial,rise,4831,0.22436692,0.07034532,False
SMOKE · validación técnica,inicial,risk,6340,0.08969129,0.09161062,False
SMOKE · validación técnica,inicial,river,1717,-0.03500102,-0.044781756,False
SMOKE · validación técnica,inicial,roads,6050,-0.022019174,-0.20705234,False
SMOKE · validación técnica,inicial,rob,2370,0.06549368,0.29315677,False
SMOKE · validación técnica,inicial,rod,3952,-0.109042384,0.059687447,False
SMOKE · validación técnica,inicial,roots,6262,-0.04299361,-0.060248826,False
SMOKE · validación técnica,inicial,rot,4332,0.1199025,-0.11490599,False
SMOKE · validación técnica,inicial,ru,1238,0.12688605,-0.15456577,False
SMOKE · validación técnica,inicial,rus,6922,-0.07756721,0.119103365,False
SMOKE · validación técnica,inicial,rush,5170,-0.04437652,0.14287348,False
SMOKE · validación técnica,inicial,rushing,7164,0.010869415,-0.009074348,False
SMOKE · validación técnica,inicial,s,260,-0.13795349,0.19882792,False
SMOKE · validación técnica,inicial,sad,571,0.1710316,0.13984962,True
SMOKE · validación técnica,inicial,sadness,5579,0.08225214,0.02754284,False
SMOKE · validación técnica,inicial,saf,2186,0.14971636,-0.00038695987,False
SMOKE · validación técnica,inicial,safely,3017,0.054213546,-0.030262705,False
SMOKE · validación técnica,inicial,sailor,4118,0.09169273,0.036946025,False
SMOKE · validación técnica,inicial,sandw,2134,-0.022992719,0.060929798,False
SMOKE · validación técnica,inicial,sang,1884,0.036594726,0.00903477,False
SMOKE · validación técnica,inicial,saving,4794,0.009100075,0.1655314,False
SMOKE · validación técnica,inicial,scarves,6608,0.14098561,0.13586518,False
SMOKE · validación técnica,inicial,scratches,6809,-0.1307756,-0.09963088,False
SMOKE · validación técnica,inicial,screams,5529,0.02634127,0.016830157,False
SMOKE · validación técnica,inicial,scru,6106,0.012161464,0.05879711,False
SMOKE · validación técnica,inicial,scur,5206,-0.10066412,-0.017372105,False
SMOKE · validación técnica,inicial,se,439,-0.01585589,0.14348806,False
SMOKE · validación técnica,inicial,seal,3757,-0.08634093,0.07412807,False
SMOKE · validación técnica,inicial,seat,2267,-0.09612015,-0.10640703,False
SMOKE · validación técnica,inicial,secret,1892,0.16760953,0.06625907,False
SMOKE · validación técnica,inicial,see,520,-0.0632798,0.009903598,False
SMOKE · validación técnica,inicial,selfish,2454,0.123442225,-0.049774967,False
SMOKE · validación técnica,inicial,sh,381,0.017068997,-0.091364816,False
SMOKE · validación técnica,inicial,shape,3218,0.13233529,0.046276957,False
SMOKE · validación técnica,inicial,shaped,7133,-0.0076892106,-0.07643025,False
SMOKE · validación técnica,inicial,shoulder,4379,0.0028556185,-0.02851839,False
SMOKE · validación técnica,inicial,sides,5903,-0.10204077,-0.059435394,False
SMOKE · validación técnica,inicial,simp,4931,-0.017087564,0.042236295,False
SMOKE · validación técnica,inicial,skills,4818,0.03695976,-0.07255801,False
SMOKE · validación técnica,inicial,skip,3965,0.0029320037,0.11812974,False
SMOKE · validación técnica,inicial,skull,4442,-0.12764002,0.07685258,False
SMOKE · validación técnica,inicial,sleep,1379,0.040380087,-0.16171885,False
SMOKE · validación técnica,inicial,slice,5345,-0.101536,0.0350112,False
SMOKE · validación técnica,inicial,slices,6539,-0.10048517,0.12723282,False
SMOKE · validación técnica,inicial,smile,1009,-0.031781603,0.023025505,False
SMOKE · validación técnica,inicial,smiley,6408,-0.043183856,-0.009483303,False
SMOKE · validación técnica,inicial,snap,4887,-0.15566295,-0.24202393,False
SMOKE · validación técnica,inicial,sneezing,7262,-0.071239404,0.18950723,False
SMOKE · validación técnica,inicial,snort,7522,-0.052129164,0.018879168,False
SMOKE · validación técnica,inicial,somet,533,0.16103762,0.0688776,False
SMOKE · validación técnica,inicial,somewhere,3983,0.15259434,0.030074704,False
SMOKE · validación técnica,inicial,sorting,5873,-0.025852595,0.09105051,False
SMOKE · validación técnica,inicial,sound,1108,-0.11404135,-0.1421414,False
SMOKE · validación técnica,inicial,spade,4815,-0.13050567,0.20274267,False
SMOKE · validación técnica,inicial,speaking,6449,-0.09487614,-0.13352777,False
SMOKE · validación técnica,inicial,spikes,7251,0.08604456,0.14399852,False
SMOKE · validación técnica,inicial,spills,7967,-0.049607866,0.010876565,False
SMOKE · validación técnica,inicial,spoiled,3188,0.08940267,0.069310814,False
SMOKE · validación técnica,inicial,spoke,3674,-0.025381126,0.14686956,False
SMOKE · validación técnica,inicial,sponge,7007,-0.06466918,0.25564608,False
SMOKE · validación técnica,inicial,spoon,2080,-0.10295756,0.11028395,True
SMOKE · validación técnica,inicial,st,333,-0.043154236,-0.090614505,False
SMOKE · validación técnica,inicial,starts,3868,-0.109662846,-0.052888345,False
SMOKE · validación técnica,inicial,steering,7995,0.12684034,-0.13496141,False
SMOKE · validación técnica,inicial,stem,6312,0.08746496,-0.12798735,False
SMOKE · validación técnica,inicial,stolen,6242,-0.27889296,-0.007833094,False
SMOKE · validación técnica,inicial,stom,4181,-0.042907324,-0.086983286,False
SMOKE · validación técnica,inicial,struggling,5038,0.013261472,0.100679785,False
SMOKE · validación técnica,inicial,studying,6067,-0.064467035,0.043515287,False
SMOKE · validación técnica,inicial,su,1978,-0.115036845,0.09708751,False
SMOKE · validación técnica,inicial,suddenly,1833,-0.11695046,-0.14017779,False
SMOKE · validación técnica,inicial,sunflower,3598,0.09124798,0.18375139,False
SMOKE · validación técnica,inicial,supplies,5825,0.09667678,-0.0018678317,False
SMOKE · validación técnica,inicial,surf,3568,0.050659318,-0.04973779,False
SMOKE · validación técnica,inicial,surprise,1341,-0.00136445,-0.12751783,False
SMOKE · validación técnica,inicial,surv,7663,-0.0040343935,0.017806478,False
SMOKE · validación técnica,inicial,sway,5980,-0.079273805,-0.061315987,False
SMOKE · validación técnica,inicial,swim,1322,0.07393076,-0.0061407005,False
SMOKE · validación técnica,inicial,swo,7985,-0.17395353,-0.15803492,False
SMOKE · validación técnica,inicial,swords,7252,0.09295673,-0.09057669,False
SMOKE · validación técnica,inicial,swung,4418,-0.09593695,-0.08128732,False
SMOKE · validación técnica,inicial,taken,2672,-0.16597323,0.040749162,False
SMOKE · validación técnica,inicial,talks,7132,0.010972449,0.029880803,False
SMOKE · validación técnica,inicial,taught,2600,0.11564235,-0.0115003465,False
SMOKE · validación técnica,inicial,teac,1800,0.06837056,-0.06465768,False
SMOKE · validación técnica,inicial,teleph,4771,-0.05007963,-0.10798882,False
SMOKE · validación técnica,inicial,tem,3702,-0.13264354,0.22328646,False
SMOKE · validación técnica,inicial,temperature,6551,0.18639347,0.17640083,False
SMOKE · validación técnica,inicial,terri,3228,0.20882258,-0.04112154,False
SMOKE · validación técnica,inicial,texture,5840,0.1608218,-0.08557645,False
SMOKE · validación técnica,inicial,their,460,0.029376104,-0.017199714,False
SMOKE · validación técnica,inicial,thief,4034,0.06070307,-0.066193,False
SMOKE · validación técnica,inicial,thinks,1720,-0.11194288,-0.03090464,False
SMOKE · validación técnica,inicial,third,6650,-0.124646775,-0.03501638,False
SMOKE · validación técnica,inicial,tickle,5899,-0.022562701,0.15925752,False
SMOKE · validación técnica,inicial,ting,7953,0.09111767,0.06616497,False
SMOKE · validación técnica,inicial,toilet,4463,0.13913913,-0.047555953,False
SMOKE · validación técnica,inicial,told,737,-0.015582954,-0.2335283,False
SMOKE · validación técnica,inicial,toothbrush,7965,-0.035081543,-0.041918963,False
SMOKE · validación técnica,inicial,towers,3647,0.11442632,0.13952595,False
SMOKE · validación técnica,inicial,tractor,6584,0.053134643,-0.09950098,False
SMOKE · validación técnica,inicial,traveled,6223,0.13768934,0.07190051,False
SMOKE · validación técnica,inicial,treats,2398,-0.10732352,-0.101898074,False
SMOKE · validación técnica,inicial,trophy,3987,-0.14031126,0.06921662,False
SMOKE · validación técnica,inicial,trumpet,3628,0.023521744,0.0033282572,False
SMOKE · validación técnica,inicial,tun,2251,0.24366726,-0.00040065031,False
SMOKE · validación técnica,inicial,turtle,3237,-0.096994355,0.103784,False
SMOKE · validación técnica,inicial,twig,3135,-0.008412658,-0.12117017,False
SMOKE · validación técnica,inicial,u,323,-0.013841142,-0.06026123,False
SMOKE · validación técnica,inicial,uncle,3582,-0.026078034,0.030824408,False
SMOKE · validación técnica,inicial,unknown,3367,-0.11120739,-0.06581705,False
SMOKE · validación técnica,inicial,unsure,7182,0.07657273,0.16324322,False
SMOKE · validación técnica,inicial,unus,2858,0.025601402,0.009729733,False
SMOKE · validación técnica,inicial,upstairs,5095,-0.10703893,-0.08869746,False
SMOKE · validación técnica,inicial,valued,6253,0.07282733,-0.016206738,False
SMOKE · validación técnica,inicial,vanished,4776,0.037322573,0.07004674,False
SMOKE · validación técnica,inicial,vehic,4629,0.009716586,-0.07295027,False
SMOKE · validación técnica,inicial,ventured,6070,0.12288421,-0.19810833,False
SMOKE · validación técnica,inicial,visitor,7768,-0.197347,-0.041759018,False
SMOKE · validación técnica,inicial,waiter,6007,-0.1396748,0.046484523,False
SMOKE · validación técnica,inicial,wall,1502,0.20077237,-0.0016892282,False
SMOKE · validación técnica,inicial,warnings,6862,0.09774587,-0.005682002,False
SMOKE · validación técnica,inicial,waste,4792,0.20194152,-0.096823014,False
SMOKE · validación técnica,inicial,watched,1105,-0.13472758,0.015910033,False
SMOKE · validación técnica,inicial,watching,2130,-0.06513855,-0.16177222,False
SMOKE · validación técnica,inicial,waters,8097,-0.11885918,-0.24356444,False
SMOKE · validación técnica,inicial,weal,3118,0.13572155,-0.1120265,False
SMOKE · validación técnica,inicial,wearing,2265,0.053216815,-0.01774805,False
SMOKE · validación técnica,inicial,wears,6684,-0.05338062,0.030592833,False
SMOKE · validación técnica,inicial,weeping,6315,-0.08459184,-0.05988543,False
SMOKE · validación técnica,inicial,what,543,-0.1209571,0.016445767,False
SMOKE · validación técnica,inicial,whisper,4554,0.012616056,0.06443046,False
SMOKE · validación técnica,inicial,winter,4374,0.15097493,0.09747602,False
SMOKE · validación técnica,inicial,wiping,7212,0.06209588,0.18055426,False
SMOKE · validación técnica,inicial,wondering,5768,-0.06270271,0.04591251,False
SMOKE · validación técnica,inicial,wood,1376,-0.024761654,0.06195228,False
SMOKE · validación técnica,inicial,woods,1605,0.061861806,-0.0040422203,False
SMOKE · validación técnica,inicial,word,2960,0.18373226,0.18422927,False
SMOKE · validación técnica,inicial,working,2725,-0.021369822,-0.07263314,False
SMOKE · validación técnica,inicial,wrink,7174,0.09154704,-0.061312776,False
SMOKE · validación técnica,inicial,wrist,6367,-0.012599493,0.09745387,False
SMOKE · validación técnica,inicial,written,5970,-0.0073191067,0.039807115,False
SMOKE · validación técnica,inicial,yelped,7785,-0.060252838,0.08965511,False
SMOKE · validación técnica,inicial,yoga,4733,-0.1280651,-0.021057464,False
SMOKE · validación técnica,inicial,youth,5810,0.059395242,0.07749632,False
SMOKE · validación técnica,inicial,zip,3510,-0.12539868,-0.011185768,False
SMOKE · validación técnica,inicial,zipping,6849,0.0027861865,0.01819149,False
SMOKE · validación técnica,inicial,zookeeper,5966,0.1512033,0.04044876,False
SMOKE · validación técnica,entrenado,Abby,6634,0.06844745,0.0698084,False
SMOKE · validación técnica,entrenado,All,1680,-0.14396985,0.057044823,False
SMOKE · validación técnica,entrenado,Although,7371,-0.028278891,-0.09086197,False
SMOKE · validación técnica,entrenado,Ann,2612,0.023443662,0.16048734,False
SMOKE · validación técnica,entrenado,Ashley,7380,0.046304457,0.07763957,False
SMOKE · validación técnica,entrenado,Bessie,6882,-0.10248476,-0.02293973,False
SMOKE · validación técnica,entrenado,Bir,5839,-0.033118986,0.11661202,False
SMOKE · validación técnica,entrenado,Br,2711,0.17260034,-0.06315266,False
SMOKE · validación técnica,entrenado,Bun,4583,0.11932302,0.055798117,False
SMOKE · validación técnica,entrenado,Ch,2426,0.0074510286,0.036351632,False
SMOKE · validación técnica,entrenado,Christmas,6278,-0.08968431,0.026289288,False
SMOKE · validación técnica,entrenado,Cl,3836,-0.07170326,0.15108608,False
SMOKE · validación técnica,entrenado,Cle,7724,0.00060757156,-0.079759054,False
SMOKE · validación técnica,entrenado,Dan,5015,0.024127219,-0.09657114,False
SMOKE · validación técnica,entrenado,Each,4836,0.1881312,-0.05425119,False
SMOKE · validación técnica,entrenado,Emmy,6399,-0.121563494,0.022952326,False
SMOKE · validación técnica,entrenado,Even,2542,-0.084621996,0.055489976,False
SMOKE · validación técnica,entrenado,Everybody,6688,-0.24875681,0.057528466,False
SMOKE · validación técnica,entrenado,Fro,5431,-0.051916134,-0.025340404,False
SMOKE · validación técnica,entrenado,Goodbye,6890,0.060766898,0.018206857,False
SMOKE · validación técnica,entrenado,Happy,6535,0.15220359,-0.19592075,False
SMOKE · validación técnica,entrenado,Help,4729,0.115549564,0.027058754,False
SMOKE · validación técnica,entrenado,J,471,-0.16991258,0.01002035,False
SMOKE · validación técnica,entrenado,Jacky,6754,-0.028218377,-0.039588433,False
SMOKE · validación técnica,entrenado,Jazz,6703,-0.05755177,-0.17080222,False
SMOKE · validación técnica,entrenado,Jeff,6052,-0.100554526,-0.018674623,False
SMOKE · validación técnica,entrenado,Joe,1299,-0.036148205,0.009791336,False
SMOKE · validación técnica,entrenado,Josh,5894,-0.18035202,-0.07726988,False
SMOKE · validación técnica,entrenado,Jul,4642,0.041247316,-0.015494104,False
SMOKE · validación técnica,entrenado,Julia,6571,0.09856517,-0.0656666,False
SMOKE · validación técnica,entrenado,Katie,5494,-0.06035871,-0.19146107,False
SMOKE · validación técnica,entrenado,Li,6771,0.047962904,0.12825245,False
SMOKE · validación técnica,entrenado,Listen,6979,-0.05114004,0.14338885,False
SMOKE · validación técnica,entrenado,Many,6329,0.17118366,0.060582582,False
SMOKE · validación técnica,entrenado,Mar,3366,0.20214097,0.059393425,False
SMOKE · validación técnica,entrenado,Max,704,-0.27216944,-0.024166215,False
SMOKE · validación técnica,entrenado,Me,5372,-0.00069760066,0.14191374,False
SMOKE · validación técnica,entrenado,Mia,861,-0.0413284,-0.24558286,False
SMOKE · validación técnica,entrenado,Milo,6365,0.008688995,0.09058451,False
SMOKE · validación técnica,entrenado,Miss,5001,0.14089887,0.04922631,False
SMOKE · validación técnica,entrenado,Mon,6465,0.07519003,-0.20650834,False
SMOKE · validación técnica,entrenado,Mr,1815,-0.16540433,-0.048437577,False
SMOKE · validación técnica,entrenado,Nina,6968,-0.08990841,-0.17068478,False
SMOKE · validación técnica,entrenado,Penny,5079,0.018842213,-0.034221765,False
SMOKE · validación técnica,entrenado,People,5126,-0.04435546,-0.05728371,False
SMOKE · validación técnica,entrenado,Pete,3095,0.05363697,-0.09105686,False
SMOKE · validación técnica,entrenado,Q,6932,0.16896406,0.1088494,False
SMOKE · validación técnica,entrenado,Rex,2791,-0.058328927,0.031942055,False
SMOKE · validación técnica,entrenado,Rose,3289,0.20638983,0.10372099,False
SMOKE · validación técnica,entrenado,S,298,0.3084898,-0.19567074,False
SMOKE · validación técnica,entrenado,Smo,7518,0.06299094,-0.038525283,False
SMOKE · validación técnica,entrenado,Sn,3645,0.006549136,0.0096218,False
SMOKE · validación técnica,entrenado,Snow,4217,-0.037113354,0.048118394,False
SMOKE · validación técnica,entrenado,So,829,-0.015597648,0.12024899,False
SMOKE · validación técnica,entrenado,Someone,5470,0.13507593,-0.021895465,False
SMOKE · validación técnica,entrenado,Sometimes,2467,-0.01956242,0.1849459,False
SMOKE · validación técnica,entrenado,Spark,5641,-0.012144442,-0.037563488,False
SMOKE · validación técnica,entrenado,Spike,4968,-0.049149238,-0.06066679,False
SMOKE · validación técnica,entrenado,Susie,2953,-0.08223918,0.10885828,False
SMOKE · validación técnica,entrenado,Tess,6482,0.03925378,-0.0068620136,False
SMOKE · validación técnica,entrenado,Their,2567,0.050792012,-0.21669988,False
SMOKE · validación técnica,entrenado,V,5068,0.14332153,0.01391196,False
SMOKE · validación técnica,entrenado,W,528,0.20315917,-0.055293974,False
SMOKE · validación técnica,entrenado,What,1602,0.040327553,0.064108886,False
SMOKE · validación técnica,entrenado,Your,3552,0.23119442,0.08508509,False
SMOKE · validación técnica,entrenado,Zoomy,7904,0.109933965,0.0817054,False
SMOKE · validación técnica,entrenado,achieve,5995,0.16242982,0.032552328,False
SMOKE · validación técnica,entrenado,acted,5877,-0.14315422,0.054358866,False
SMOKE · validación técnica,entrenado,aer,4339,-0.1127782,7.2752126e-05,False
SMOKE · validación técnica,entrenado,aeroplane,4501,0.052886922,0.031732716,False
SMOKE · validación técnica,entrenado,after,1054,-0.12984549,-0.03325179,False
SMOKE · validación técnica,entrenado,afternoon,3676,-0.0894591,-0.008594952,False
SMOKE · validación técnica,entrenado,agree,4735,-0.07193983,0.0013230192,False
SMOKE · validación técnica,entrenado,all,474,-0.12741785,0.38205537,False
SMOKE · validación técnica,entrenado,allow,5601,-0.083131365,0.0061330665,False
SMOKE · validación técnica,entrenado,ant,2400,0.017824836,0.107289016,False
SMOKE · validación técnica,entrenado,applauded,5805,-0.11200779,-0.0050565368,False
SMOKE · validación técnica,entrenado,argum,7861,0.10085053,-0.0057260906,False
SMOKE · validación técnica,entrenado,arranged,7423,-0.24116023,-0.03768536,False
SMOKE · validación técnica,entrenado,asks,1669,-0.17252098,0.1774786,False
SMOKE · validación técnica,entrenado,aut,4561,0.05093366,-0.02807812,False
SMOKE · validación técnica,entrenado,back,486,0.18137898,-0.03754663,False
SMOKE · validación técnica,entrenado,backpack,3875,-0.11197501,-0.13218813,False
SMOKE · validación técnica,entrenado,balance,3065,-0.09708104,-0.053379025,False
SMOKE · validación técnica,entrenado,ban,2363,0.012133072,0.041808568,False
SMOKE · validación técnica,entrenado,barely,5656,-0.05775198,0.029522657,False
SMOKE · validación técnica,entrenado,bath,1813,0.08256926,-0.1110314,False
SMOKE · validación técnica,entrenado,beans,4888,0.14518417,0.089697696,False
SMOKE · validación técnica,entrenado,beaut,842,0.0048284987,-0.09108331,False
SMOKE · validación técnica,entrenado,beauti,868,-0.18268533,0.09188329,False
SMOKE · validación técnica,entrenado,beeped,8172,0.106958486,0.13644151,False
SMOKE · validación técnica,entrenado,bells,7285,0.046652205,-0.0007694317,False
SMOKE · validación técnica,entrenado,birdhouse,8050,-0.07009072,-0.009813397,False
SMOKE · validación técnica,entrenado,bl,624,0.010903823,0.16703321,False
SMOKE · validación técnica,entrenado,blackboard,4751,0.12651448,-0.06930142,False
SMOKE · validación técnica,entrenado,blueber,3610,-0.15646787,-0.06094208,False
SMOKE · validación técnica,entrenado,book,932,0.02850125,-0.009147321,False
SMOKE · validación técnica,entrenado,books,1477,0.007516833,-0.096250735,False
SMOKE · validación técnica,entrenado,bookshelf,5152,0.15218517,-0.015166341,False
SMOKE · validación técnica,entrenado,bossy,3189,-0.22144854,-0.2560834,False
SMOKE · validación técnica,entrenado,both,902,-0.07585429,0.1370397,False
SMOKE · validación técnica,entrenado,bouquet,8079,-0.046334382,-0.0050374223,False
SMOKE · validación técnica,entrenado,brain,4910,0.027372573,0.03472903,False
SMOKE · validación técnica,entrenado,bravely,4757,0.10210096,0.005041887,False
SMOKE · validación técnica,entrenado,bully,6846,-0.0270384,-0.16541503,False
SMOKE · validación técnica,entrenado,butter,1189,0.15692325,0.07209741,False
SMOKE · validación técnica,entrenado,calling,2837,-0.19126807,-0.038657896,False
SMOKE · validación técnica,entrenado,card,2322,0.061561815,-0.11524419,False
SMOKE · validación técnica,entrenado,cat,705,0.084325515,-0.17346166,True
SMOKE · validación técnica,entrenado,caterpill,2659,0.18410861,-0.18128778,False
SMOKE · validación técnica,entrenado,cats,3825,0.08658414,-0.16722788,False
SMOKE · validación técnica,entrenado,cauliflower,4090,0.14112015,-0.0016179373,False
SMOKE · validación técnica,entrenado,ceiling,4452,0.0035274075,-0.11284355,False
SMOKE · validación técnica,entrenado,chase,3069,-0.13229,0.058050163,False
SMOKE · validación técnica,entrenado,cheeks,6548,-0.04182324,-0.12985435,False
SMOKE · validación técnica,entrenado,chick,2351,-0.12940596,0.047062118,False
SMOKE · validación técnica,entrenado,child,1137,-0.0682207,0.14855836,False
SMOKE · validación técnica,entrenado,church,4656,-0.14385338,0.1388031,False
SMOKE · validación técnica,entrenado,clapping,3900,-0.06875987,0.1180272,False
SMOKE · validación técnica,entrenado,closet,2729,-0.085961014,0.10099853,False
SMOKE · validación técnica,entrenado,competit,3168,-0.08697026,0.14744821,False
SMOKE · validación técnica,entrenado,cones,5802,0.10926291,0.04861925,False
SMOKE · validación técnica,entrenado,contin,1440,0.06967627,0.041132133,False
SMOKE · validación técnica,entrenado,conversation,7582,-0.059317928,0.009242439,False
SMOKE · validación técnica,entrenado,copy,6761,0.030999191,-0.11023841,False
SMOKE · validación técnica,entrenado,coral,7246,0.066810615,0.080593206,False
SMOKE · validación técnica,entrenado,cotton,7944,-0.036134988,-0.12964489,False
SMOKE · validación técnica,entrenado,cous,6663,-0.072448425,0.013841698,False
SMOKE · validación técnica,entrenado,cousin,7144,0.10076135,0.009673796,False
SMOKE · validación técnica,entrenado,crack,2826,0.13098611,-0.048731312,False
SMOKE · validación técnica,entrenado,cracked,6324,-0.0608197,0.04291092,False
SMOKE · validación técnica,entrenado,craft,7599,0.098810114,-0.030701276,False
SMOKE · validación técnica,entrenado,creativity,6905,0.05180829,0.13846977,False
SMOKE · validación técnica,entrenado,cuddle,5654,-0.03760733,-0.040134553,False
SMOKE · validación técnica,entrenado,curiosity,5444,0.09669537,0.09925617,False
SMOKE · validación técnica,entrenado,cute,2081,0.042308677,0.01112999,False
SMOKE · validación técnica,entrenado,cuts,6252,-0.12689206,0.004393873,False
SMOKE · validación técnica,entrenado,dam,5818,0.09244343,0.02867547,False
SMOKE · validación técnica,entrenado,days,2066,0.02673981,-0.0520369,False
SMOKE · validación técnica,entrenado,de,1092,-0.10898768,0.03806211,False
SMOKE · validación técnica,entrenado,decorations,5196,0.17636591,0.0041808607,False
SMOKE · validación técnica,entrenado,defe,7256,0.038382947,0.23689018,False
SMOKE · validación técnica,entrenado,delayed,7910,-0.035045184,-0.13171007,False
SMOKE · validación técnica,entrenado,det,6767,0.15282579,0.07954963,False
SMOKE · validación técnica,entrenado,did,459,-0.060700975,0.042656433,False
SMOKE · validación técnica,entrenado,dinosaur,2696,0.013769212,0.20238236,False
SMOKE · validación técnica,entrenado,direct,6237,-0.026434895,-0.013754387,False
SMOKE · validación técnica,entrenado,distant,3851,-0.034472406,-0.031342585,False
SMOKE · validación técnica,entrenado,dived,7236,-0.008862964,-0.031293463,False
SMOKE · validación técnica,entrenado,dog,643,-0.017436046,-0.052750167,True
SMOKE · validación técnica,entrenado,drawings,4144,0.052451327,-0.14093532,False
SMOKE · validación técnica,entrenado,dreamt,6586,0.027046774,-0.028292999,False
SMOKE · validación técnica,entrenado,drive,2373,-0.09350478,-0.18723647,False
SMOKE · validación técnica,entrenado,drivers,7411,0.014194855,-0.05447204,False
SMOKE · validación técnica,entrenado,dro,1354,-0.0637754,-0.022547618,False
SMOKE · validación técnica,entrenado,drove,1852,0.1231003,-0.0257162,False
SMOKE · validación técnica,entrenado,drums,6795,0.14638413,0.014988084,False
SMOKE · validación técnica,entrenado,ears,3089,0.09164807,0.06899824,False
SMOKE · validación técnica,entrenado,earthquake,5395,0.14200664,0.045884095,False
SMOKE · validación técnica,entrenado,eff,5140,0.16202717,0.03929839,False
SMOKE · validación técnica,entrenado,effort,5274,0.022093099,0.08409298,False
SMOKE · validación técnica,entrenado,elderly,2904,0.045351762,-0.06718973,False
SMOKE · validación técnica,entrenado,elephants,5178,0.009749923,-0.1818202,False
SMOKE · validación técnica,entrenado,elevator,3925,0.06149421,0.13142912,False
SMOKE · validación técnica,entrenado,emergency,5835,0.018752761,-0.070994996,False
SMOKE · validación técnica,entrenado,emp,2423,-0.30534616,0.10981733,False
SMOKE · validación técnica,entrenado,encouraging,7307,0.031450693,0.11831895,False
SMOKE · validación técnica,entrenado,energy,4109,-0.09866211,-0.112899534,False
SMOKE · validación técnica,entrenado,enjoy,1050,-0.13480285,0.06165629,False
SMOKE · validación técnica,entrenado,especially,2751,-0.16507594,0.20333351,False
SMOKE · validación técnica,entrenado,everywhere,1729,-0.10775335,0.0907866,False
SMOKE · validación técnica,entrenado,exam,2680,0.018610451,-0.029984538,False
SMOKE · validación técnica,entrenado,excitement,2668,-0.0062719947,0.064897165,False
SMOKE · validación técnica,entrenado,exha,6073,0.015320522,0.19038457,False
SMOKE · validación técnica,entrenado,experienced,7815,0.038109414,-0.10580987,False
SMOKE · validación técnica,entrenado,express,7002,0.07822912,0.00058643986,False
SMOKE · validación técnica,entrenado,fabric,5794,0.05616524,0.059460443,False
SMOKE · validación técnica,entrenado,factory,4667,-0.034317717,-0.071988456,False
SMOKE · validación técnica,entrenado,falls,3177,0.1605372,-0.059878465,False
SMOKE · validación técnica,entrenado,fan,2082,0.0019542733,0.0719145,False
SMOKE · validación técnica,entrenado,fastest,4807,0.09614205,-0.098423846,False
SMOKE · validación técnica,entrenado,fearful,3715,-0.022044785,-0.11958174,False
SMOKE · validación técnica,entrenado,fi,858,0.036993306,0.16946782,False
SMOKE · validación técnica,entrenado,find,633,0.012765982,0.12838867,False
SMOKE · validación técnica,entrenado,finger,2731,-0.029569928,-0.15320297,False
SMOKE · validación técnica,entrenado,finished,1398,-0.09543883,0.08413327,False
SMOKE · validación técnica,entrenado,fire,1236,-0.12422448,-0.036451824,False
SMOKE · validación técnica,entrenado,firefight,5338,0.031421483,0.06828475,False
SMOKE · validación técnica,entrenado,fits,7346,0.09268411,0.09585997,False
SMOKE · validación técnica,entrenado,flap,5491,-0.03663455,0.13636684,False
SMOKE · validación técnica,entrenado,flas,6899,-0.01716816,-0.016268037,False
SMOKE · validación técnica,entrenado,flood,5207,0.1445662,0.09525539,False
SMOKE · validación técnica,entrenado,fluffy,2822,0.19887891,-0.10017583,False
SMOKE · validación técnica,entrenado,flut,2724,-0.058046706,0.17220202,False
SMOKE · validación técnica,entrenado,follow,1128,-0.104811065,-0.040277533,False
SMOKE · validación técnica,entrenado,followed,1436,-0.091513894,0.043840185,False
SMOKE · validación técnica,entrenado,forth,3365,-0.05445513,0.13333237,False
SMOKE · validación técnica,entrenado,freed,6133,-0.07419538,0.13417691,False
SMOKE · validación técnica,entrenado,fro,1342,0.06861445,-0.21677004,False
SMOKE · validación técnica,entrenado,front,2226,0.029215861,-0.021035526,False
SMOKE · validación técnica,entrenado,fut,5174,0.06600883,0.14778396,False
SMOKE · validación técnica,entrenado,geese,7081,-0.0068240827,-0.04060044,False
SMOKE · validación técnica,entrenado,gem,3192,-0.2250458,-0.06297242,False
SMOKE · validación técnica,entrenado,gir,3770,-0.093615524,0.13575232,False
SMOKE · validación técnica,entrenado,giraff,6473,-0.09807535,-0.11725802,False
SMOKE · validación técnica,entrenado,goose,3326,0.07024277,0.1109773,False
SMOKE · validación técnica,entrenado,gr,654,-0.10000682,0.08196692,False
SMOKE · validación técnica,entrenado,grapes,4135,-0.058639824,-0.15275463,False
SMOKE · validación técnica,entrenado,gu,1683,-0.19531725,0.045243952,False
SMOKE · validación técnica,entrenado,guests,7022,0.119441845,0.00022843108,False
SMOKE · validación técnica,entrenado,gym,4581,-0.17139333,0.061023276,False
SMOKE · validación técnica,entrenado,handing,7763,0.15107684,0.14280555,False
SMOKE · validación técnica,entrenado,happened,1213,-0.09051235,-0.29043517,False
SMOKE · validación técnica,entrenado,happy,402,0.1032386,-0.13676892,True
SMOKE · validación técnica,entrenado,hate,5368,0.009297191,-0.106550835,False
SMOKE · validación técnica,entrenado,hats,3176,0.15992884,0.011922951,False
SMOKE · validación técnica,entrenado,hawk,6484,0.15728372,-0.13263242,False
SMOKE · validación técnica,entrenado,healthy,2165,0.040391065,0.11970427,False
SMOKE · validación técnica,entrenado,hearing,6603,-0.16085385,-0.06247128,False
SMOKE · validación técnica,entrenado,height,7546,0.1760166,0.025501728,False
SMOKE · validación técnica,entrenado,hello,2067,0.01503446,-0.15275323,False
SMOKE · validación técnica,entrenado,help,482,-0.0058900556,-0.08699944,False
SMOKE · validación técnica,entrenado,helping,1750,-0.19999748,-0.020531755,False
SMOKE · validación técnica,entrenado,herself,1430,-0.028217878,-0.11109854,False
SMOKE · validación técnica,entrenado,hesitant,6889,0.13571852,0.19496211,False
SMOKE · validación técnica,entrenado,hills,4755,-0.022919975,-0.04678378,False
SMOKE · validación técnica,entrenado,holiday,4471,0.1161116,-0.07203516,False
SMOKE · validación técnica,entrenado,honest,2516,0.102014534,-0.06357061,False
SMOKE · validación técnica,entrenado,hoo,8084,0.03299228,-0.16289999,False
SMOKE · validación técnica,entrenado,hopes,4601,-0.011492345,0.1650446,False
SMOKE · validación técnica,entrenado,hopping,2732,0.045279052,-0.112032026,False
SMOKE · validación técnica,entrenado,hosp,2620,0.033666752,0.13736644,False
SMOKE · validación técnica,entrenado,humans,7401,-0.08961458,0.020416569,False
SMOKE · validación técnica,entrenado,imag,2122,-0.11920779,0.07541419,False
SMOKE · validación técnica,entrenado,inchworm,8111,-0.007836017,0.035987668,False
SMOKE · validación técnica,entrenado,intelligent,3701,-0.16780789,-0.14450966,False
SMOKE · validación técnica,entrenado,investig,4509,0.071617775,-0.07155108,False
SMOKE · validación técnica,entrenado,iron,4160,0.16045855,-0.061845552,False
SMOKE · validación técnica,entrenado,jars,7957,-0.08348659,-0.11160011,False
SMOKE · validación técnica,entrenado,jet,3758,-0.09770533,-0.16455166,False
SMOKE · validación técnica,entrenado,jewel,3040,0.01328976,-0.0014259052,False
SMOKE · validación técnica,entrenado,jewels,5063,0.051108204,-0.10672601,False
SMOKE · validación técnica,entrenado,joke,2859,0.10867984,-0.068542525,False
SMOKE · validación técnica,entrenado,joking,6621,-0.041734762,0.16569932,False
SMOKE · validación técnica,entrenado,jour,1869,0.0565144,0.10491195,False
SMOKE · validación técnica,entrenado,journal,4474,0.037272543,-0.03624069,False
SMOKE · validación técnica,entrenado,jugg,7981,-0.07402433,-0.050937846,False
SMOKE · validación técnica,entrenado,jungle,2460,0.11408313,-0.13744561,False
SMOKE · validación técnica,entrenado,kid,1209,-0.070257865,0.09081823,False
SMOKE · validación técnica,entrenado,ladder,2347,0.16112845,-0.26562932,False
SMOKE · validación técnica,entrenado,landscape,5721,0.05651073,-0.12821649,False
SMOKE · validación técnica,entrenado,laught,4767,0.12323477,-0.068471454,False
SMOKE · validación técnica,entrenado,law,3252,0.027575448,-0.11208314,False
SMOKE · validación técnica,entrenado,lawn,4518,-0.0919725,0.07615707,False
SMOKE · validación técnica,entrenado,learns,6192,0.07110777,0.09930788,False
SMOKE · validación técnica,entrenado,lem,2502,0.13677852,-0.24247275,False
SMOKE · validación técnica,entrenado,lent,7563,0.02193829,0.010045269,False
SMOKE · validación técnica,entrenado,letter,2057,0.038652472,0.0658093,False
SMOKE · validación técnica,entrenado,lights,3313,0.01789049,-0.29877502,False
SMOKE · validación técnica,entrenado,loyal,2947,0.22557633,-0.14699933,False
SMOKE · validación técnica,entrenado,machine,2377,-0.07516605,-0.20225102,False
SMOKE · validación técnica,entrenado,machines,5955,-0.108636655,0.037858266,False
SMOKE · validación técnica,entrenado,mail,1951,0.06729324,0.017634198,False
SMOKE · validación técnica,entrenado,map,2829,0.13598768,-0.004048056,False
SMOKE · validación técnica,entrenado,mark,2019,0.017425533,0.035324454,False
SMOKE · validación técnica,entrenado,marker,6060,0.111166015,0.03867097,False
SMOKE · validación técnica,entrenado,masks,6613,0.19990589,-0.026302096,False
SMOKE · validación técnica,entrenado,massage,5199,0.024684936,0.089310534,False
SMOKE · validación técnica,entrenado,meadow,2462,0.040968165,-0.030552674,False
SMOKE · validación técnica,entrenado,mess,1261,0.12121799,-0.056097206,False
SMOKE · validación técnica,entrenado,mill,3643,-0.064804025,-0.15726742,False
SMOKE · validación técnica,entrenado,minut,2274,-0.09186315,-0.09735794,False
SMOKE · validación técnica,entrenado,mirror,2905,-0.1068567,-0.16968994,False
SMOKE · validación técnica,entrenado,mission,5669,0.029956345,0.0054662647,False
SMOKE · validación técnica,entrenado,model,5049,-0.101650186,-0.082329266,False
SMOKE · validación técnica,entrenado,moms,3124,-0.019630767,0.032981504,False
SMOKE · validación técnica,entrenado,money,1679,-0.0861843,-0.05137166,False
SMOKE · validación técnica,entrenado,mor,1125,-0.073923334,-0.2738173,False
SMOKE · validación técnica,entrenado,mosquitoes,8137,-0.025756441,-0.11433629,False
SMOKE · validación técnica,entrenado,mov,2780,0.079370126,-0.037144635,False
SMOKE · validación técnica,entrenado,movements,8164,-0.063491836,0.07311011,False
SMOKE · validación técnica,entrenado,mu,582,0.019936472,-0.30558982,False
SMOKE · validación técnica,entrenado,mud,2270,-0.08088692,-0.09204576,False
SMOKE · validación técnica,entrenado,museum,4324,0.0437424,0.121789575,False
SMOKE · validación técnica,entrenado,mush,3811,0.16329087,0.037724715,False
SMOKE · validación técnica,entrenado,my,672,0.09170604,-0.13377143,False
SMOKE · validación técnica,entrenado,neare,7085,0.06546914,-0.034090366,False
SMOKE · validación técnica,entrenado,neck,1937,-0.041820787,-0.078598864,False
SMOKE · validación técnica,entrenado,necklaces,7349,-0.032136414,0.1075521,False
SMOKE · validación técnica,entrenado,need,785,0.09261937,-0.044390395,False
SMOKE · validación técnica,entrenado,needs,3047,0.03821726,-0.04326757,False
SMOKE · validación técnica,entrenado,neighbors,5610,0.19463943,0.09527082,False
SMOKE · validación técnica,entrenado,nervously,7413,-0.007699756,-0.038712323,False
SMOKE · validación técnica,entrenado,newsp,5124,0.13674401,0.059912916,False
SMOKE · validación técnica,entrenado,nodd,8094,-0.12118296,-0.10232068,False
SMOKE · validación técnica,entrenado,nodded,1030,-0.0472256,-0.010791699,False
SMOKE · validación técnica,entrenado,notice,3247,-0.19480754,0.119236544,False
SMOKE · validación técnica,entrenado,numbers,3395,-0.105869375,0.05562098,False
SMOKE · validación técnica,entrenado,nurse,3374,-0.23355596,-0.05749611,False
SMOKE · validación técnica,entrenado,oak,4693,-0.014214723,0.025639247,False
SMOKE · validación técnica,entrenado,ordered,5346,-0.16490601,-0.07759045,False
SMOKE · validación técnica,entrenado,ordinary,3622,0.08122661,-0.056155685,False
SMOKE · validación técnica,entrenado,organizing,6209,-0.03038042,0.060629588,False
SMOKE · validación técnica,entrenado,other,572,-0.09561797,-0.1869723,False
SMOKE · validación técnica,entrenado,pal,4322,0.0886357,0.13111803,False
SMOKE · validación técnica,entrenado,pan,2364,0.05338168,-0.10227745,False
SMOKE · validación técnica,entrenado,parade,3902,-0.092943795,-0.1783083,False
SMOKE · validación técnica,entrenado,pare,1258,-0.11209645,0.033628155,False
SMOKE · validación técnica,entrenado,part,1306,-0.14762975,0.032790598,False
SMOKE · validación técnica,entrenado,path,2220,0.27346787,-0.1177584,False
SMOKE · validación técnica,entrenado,paw,2360,-0.020909987,-0.11165244,False
SMOKE · validación técnica,entrenado,peaches,5905,0.11160963,-0.08545769,False
SMOKE · validación técnica,entrenado,pearl,5723,0.014771947,-0.14400148,False
SMOKE · validación técnica,entrenado,peek,4257,-0.03115461,-0.037306476,False
SMOKE · validación técnica,entrenado,peeking,6162,-0.035407588,-0.0688028,False
SMOKE · validación técnica,entrenado,pen,1693,-0.11435949,0.08390429,False
SMOKE · validación técnica,entrenado,pencils,6289,-0.0776129,-0.117978565,False
SMOKE · validación técnica,entrenado,people,926,-0.014726556,-0.09180842,False
SMOKE · validación técnica,entrenado,performed,7282,0.017689977,-0.0653967,False
SMOKE · validación técnica,entrenado,permit,5482,0.03833025,0.10756939,False
SMOKE · validación técnica,entrenado,photo,4321,-0.10511566,-0.009600661,False
SMOKE · validación técnica,entrenado,pie,1625,-0.05140001,-0.10161099,False
SMOKE · validación técnica,entrenado,pige,3515,0.18716525,0.046102535,False
SMOKE · validación técnica,entrenado,pink,1521,0.022423804,0.0065905945,False
SMOKE · validación técnica,entrenado,pit,4617,0.15721838,0.09064292,False
SMOKE · validación técnica,entrenado,plans,6806,-0.062919594,0.050144542,False
SMOKE · validación técnica,entrenado,pleasure,6508,-0.043162365,-0.060089033,False
SMOKE · validación técnica,entrenado,poke,4589,-0.008656158,-0.073952235,False
SMOKE · validación técnica,entrenado,polished,6196,-0.114944495,0.030784644,False
SMOKE · validación técnica,entrenado,possible,5334,0.12620106,0.11856016,False
SMOKE · validación técnica,entrenado,powder,4338,-0.051880825,-0.10014944,False
SMOKE · validación técnica,entrenado,pray,2784,-0.010039553,-0.31125805,False
SMOKE · validación técnica,entrenado,preparing,7351,-0.11164134,-0.07279993,False
SMOKE · validación técnica,entrenado,presented,7859,0.074245654,0.13837877,False
SMOKE · validación técnica,entrenado,pret,773,-0.20076685,-0.10501299,False
SMOKE · validación técnica,entrenado,prettier,6980,0.07970496,0.18904272,False
SMOKE · validación técnica,entrenado,prettiest,5629,0.031217374,-0.023664463,False
SMOKE · validación técnica,entrenado,pro,1737,0.029637262,-0.0015100008,False
SMOKE · validación técnica,entrenado,protect,2228,-0.1758704,0.09273221,False
SMOKE · validación técnica,entrenado,pulled,1641,-0.1705228,0.153237,False
SMOKE · validación técnica,entrenado,pushed,1857,0.00044560153,0.07154384,False
SMOKE · validación técnica,entrenado,qui,7688,-0.094418064,0.11903272,False
SMOKE · validación técnica,entrenado,rabbit,1103,0.08558583,0.018122017,False
SMOKE · validación técnica,entrenado,racing,5270,-0.05691784,-0.032022975,False
SMOKE · validación técnica,entrenado,rad,2642,-0.1352241,-0.08816786,False
SMOKE · validación técnica,entrenado,raincoat,6333,-0.06265407,0.07781029,False
SMOKE · validación técnica,entrenado,recognized,5292,-0.22556216,0.17188345,False
SMOKE · validación técnica,entrenado,reg,2673,0.033374988,-0.18673874,False
SMOKE · validación técnica,entrenado,requ,4626,-0.085099,0.09872868,False
SMOKE · validación técnica,entrenado,restore,4950,0.024308033,0.0595788,False
SMOKE · validación técnica,entrenado,ride,1608,-0.09614046,-0.020587739,False
SMOKE · validación técnica,entrenado,ripe,6351,-0.18426202,-0.022770721,False
SMOKE · validación técnica,entrenado,rise,4831,0.23201562,0.02914232,False
SMOKE · validación técnica,entrenado,risk,6340,0.08969128,0.09161063,False
SMOKE · validación técnica,entrenado,river,1717,-0.08247405,-0.12328843,False
SMOKE · validación técnica,entrenado,roads,6050,-0.021644935,-0.22325952,False
SMOKE · validación técnica,entrenado,rob,2370,0.065493695,0.29315677,False
SMOKE · validación técnica,entrenado,rod,3952,-0.08698372,0.009014641,False
SMOKE · validación técnica,entrenado,roots,6262,-0.04445137,-0.061400678,False
SMOKE · validación técnica,entrenado,rot,4332,0.13423374,-0.12128965,False
SMOKE · validación técnica,entrenado,ru,1238,0.16240779,-0.15176012,False
SMOKE · validación técnica,entrenado,rus,6922,-0.07756723,0.119103365,False
SMOKE · validación técnica,entrenado,rush,5170,-0.035848893,0.1287861,False
SMOKE · validación técnica,entrenado,rushing,7164,0.032602753,-0.02977283,False
SMOKE · validación técnica,entrenado,s,260,-0.14976226,0.26489985,False
SMOKE · validación técnica,entrenado,sad,571,0.13968603,0.03354975,True
SMOKE · validación técnica,entrenado,sadness,5579,0.07105271,0.00475007,False
SMOKE · validación técnica,entrenado,saf,2186,0.14458358,0.0035246285,False
SMOKE · validación técnica,entrenado,safely,3017,0.039529428,-0.106356926,False
SMOKE · validación técnica,entrenado,sailor,4118,0.10118172,-0.016606167,False
SMOKE · validación técnica,entrenado,sandw,2134,-0.022992764,0.0609298,False
SMOKE · validación técnica,entrenado,sang,1884,0.030522667,0.029820014,False
SMOKE · validación técnica,entrenado,saving,4794,-0.0644168,0.23233645,False
SMOKE · validación técnica,entrenado,scarves,6608,0.14098564,0.13586515,False
SMOKE · validación técnica,entrenado,scratches,6809,-0.16632326,-0.05048108,False
SMOKE · validación técnica,entrenado,screams,5529,0.059326686,-0.045344256,False
SMOKE · validación técnica,entrenado,scru,6106,0.013008633,0.0603364,False
SMOKE · validación técnica,entrenado,scur,5206,-0.10066413,-0.017372098,False
SMOKE · validación técnica,entrenado,se,439,0.019424576,0.08690294,False
SMOKE · validación técnica,entrenado,seal,3757,-0.061177462,0.013686793,False
SMOKE · validación técnica,entrenado,seat,2267,-0.06126778,-0.14584066,False
SMOKE · validación técnica,entrenado,secret,1892,0.20515268,-0.028478865,False
SMOKE · validación técnica,entrenado,see,520,-0.117538646,0.061272684,False
SMOKE · validación técnica,entrenado,selfish,2454,0.11036787,-0.10933948,False
SMOKE · validación técnica,entrenado,sh,381,0.073184974,-0.14196666,False
SMOKE · validación técnica,entrenado,shape,3218,0.15029934,-0.032955226,False
SMOKE · validación técnica,entrenado,shaped,7133,-0.014176835,-0.067019716,False
SMOKE · validación técnica,entrenado,shoulder,4379,-0.0023724632,-0.08820515,False
SMOKE · validación técnica,entrenado,sides,5903,-0.08712681,-0.1208112,False
SMOKE · validación técnica,entrenado,simp,4931,-0.017087612,0.042236347,False
SMOKE · validación técnica,entrenado,skills,4818,0.04679547,-0.12299473,False
SMOKE · validación técnica,entrenado,skip,3965,0.055544734,0.04692932,False
SMOKE · validación técnica,entrenado,skull,4442,-0.11726377,0.06904578,False
SMOKE · validación técnica,entrenado,sleep,1379,0.02685298,-0.1882819,False
SMOKE · validación técnica,entrenado,slice,5345,-0.101502694,0.01079609,False
SMOKE · validación técnica,entrenado,slices,6539,-0.101296976,0.11537029,False
SMOKE · validación técnica,entrenado,smile,1009,-0.08904735,-0.11822859,False
SMOKE · validación técnica,entrenado,smiley,6408,0.013005133,-0.022265635,False
SMOKE · validación técnica,entrenado,snap,4887,-0.16379298,-0.2492951,False
SMOKE · validación técnica,entrenado,sneezing,7262,-0.049946323,0.1604395,False
SMOKE · validación técnica,entrenado,snort,7522,-0.053913824,0.022662263,False
SMOKE · validación técnica,entrenado,somet,533,0.16103761,0.06887758,False
SMOKE · validación técnica,entrenado,somewhere,3983,0.19522922,0.003182522,False
SMOKE · validación técnica,entrenado,sorting,5873,-0.0317471,0.095411636,False
SMOKE · validación técnica,entrenado,sound,1108,-0.1176705,-0.19984104,False
SMOKE · validación técnica,entrenado,spade,4815,-0.15358755,0.17186522,False
SMOKE · validación técnica,entrenado,speaking,6449,-0.05554413,-0.16755448,False
SMOKE · validación técnica,entrenado,spikes,7251,0.06500923,0.07028697,False
SMOKE · validación técnica,entrenado,spills,7967,-0.0714219,0.015755024,False
SMOKE · validación técnica,entrenado,spoiled,3188,0.13048436,0.063278235,False
SMOKE · validación técnica,entrenado,spoke,3674,-0.0063493354,0.12719649,False
SMOKE · validación técnica,entrenado,sponge,7007,-0.057674978,0.25306407,False
SMOKE · validación técnica,entrenado,spoon,2080,-0.10254935,0.020247024,True
SMOKE · validación técnica,entrenado,st,333,0.0061310185,-0.114107095,False
SMOKE · validación técnica,entrenado,starts,3868,-0.09094627,-0.027302198,False
SMOKE · validación técnica,entrenado,steering,7995,0.11660781,-0.13613416,False
SMOKE · validación técnica,entrenado,stem,6312,0.0865888,-0.1803066,False
SMOKE · validación técnica,entrenado,stolen,6242,-0.30547598,0.05944896,False
SMOKE · validación técnica,entrenado,stom,4181,-0.04290729,-0.08698321,False
SMOKE · validación técnica,entrenado,struggling,5038,0.029067967,0.018317744,False
SMOKE · validación técnica,entrenado,studying,6067,-0.051039573,-0.012549407,False
SMOKE · validación técnica,entrenado,su,1978,-0.094497904,0.08207342,False
SMOKE · validación técnica,entrenado,suddenly,1833,-0.13360046,-0.07292988,False
SMOKE · validación técnica,entrenado,sunflower,3598,0.10612241,0.17457986,False
SMOKE · validación técnica,entrenado,supplies,5825,0.09574791,-0.003780893,False
SMOKE · validación técnica,entrenado,surf,3568,0.052710433,-0.04798725,False
SMOKE · validación técnica,entrenado,surprise,1341,-0.02986576,-0.14268138,False
SMOKE · validación técnica,entrenado,surv,7663,0.031779587,-0.029594988,False
SMOKE · validación técnica,entrenado,sway,5980,-0.0703687,-0.08400851,False
SMOKE · validación técnica,entrenado,swim,1322,0.06542713,-0.020556562,False
SMOKE · validación técnica,entrenado,swo,7985,-0.17395356,-0.15803494,False
SMOKE · validación técnica,entrenado,swords,7252,0.0929567,-0.090576656,False
SMOKE · validación técnica,entrenado,swung,4418,-0.05023264,-0.09733802,False
SMOKE · validación técnica,entrenado,taken,2672,-0.19256304,0.07837358,False
SMOKE · validación técnica,entrenado,talks,7132,0.012775746,0.04109849,False
SMOKE · validación técnica,entrenado,taught,2600,0.044034645,0.005914673,False
SMOKE · validación técnica,entrenado,teac,1800,0.068370536,-0.064657696,False
SMOKE · validación técnica,entrenado,teleph,4771,-0.050079614,-0.10798884,False
SMOKE · validación técnica,entrenado,tem,3702,-0.13264357,0.22328646,False
SMOKE · validación técnica,entrenado,temperature,6551,0.21869653,0.11742202,False
SMOKE · validación técnica,entrenado,terri,3228,0.24445954,-0.06275127,False
SMOKE · validación técnica,entrenado,texture,5840,0.16369237,-0.108058676,False
SMOKE · validación técnica,entrenado,their,460,0.17787944,-0.042667646,False
SMOKE · validación técnica,entrenado,thief,4034,0.03700382,-0.017496139,False
SMOKE · validación técnica,entrenado,thinks,1720,-0.14286341,0.024303507,False
SMOKE · validación técnica,entrenado,third,6650,-0.10973299,-0.041202404,False
SMOKE · validación técnica,entrenado,tickle,5899,-0.0063519096,0.14694043,False
SMOKE · validación técnica,entrenado,ting,7953,0.09111766,0.06616496,False
SMOKE · validación técnica,entrenado,toilet,4463,0.1422557,-0.07428805,False
SMOKE · validación técnica,entrenado,told,737,-0.054016106,-0.1643223,False
SMOKE · validación técnica,entrenado,toothbrush,7965,-0.035081573,-0.041918963,False
SMOKE · validación técnica,entrenado,towers,3647,0.13796002,0.11322981,False
SMOKE · validación técnica,entrenado,tractor,6584,0.051595278,-0.09357301,False
SMOKE · validación técnica,entrenado,traveled,6223,0.14317416,0.067363106,False
SMOKE · validación técnica,entrenado,treats,2398,-0.08638298,-0.18040575,False
SMOKE · validación técnica,entrenado,trophy,3987,-0.13047369,0.011324507,False
SMOKE · validación técnica,entrenado,trumpet,3628,0.053650446,-0.056427132,False
SMOKE · validación técnica,entrenado,tun,2251,0.26696804,-0.027916979,False
SMOKE · validación técnica,entrenado,turtle,3237,-0.1152956,0.07468863,False
SMOKE · validación técnica,entrenado,twig,3135,0.012218027,-0.15073638,False
SMOKE · validación técnica,entrenado,u,323,0.008632221,-0.055757795,False
SMOKE · validación técnica,entrenado,uncle,3582,-0.040743705,0.0109665105,False
SMOKE · validación técnica,entrenado,unknown,3367,-0.07212931,-0.13086978,False
SMOKE · validación técnica,entrenado,unsure,7182,0.07283473,0.16483736,False
SMOKE · validación técnica,entrenado,unus,2858,0.025601387,0.009729722,False
SMOKE · validación técnica,entrenado,upstairs,5095,-0.07600372,-0.13499732,False
SMOKE · validación técnica,entrenado,valued,6253,0.065822594,-0.0049387524,False
SMOKE · validación técnica,entrenado,vanished,4776,0.066299915,-0.010434254,False
SMOKE · validación técnica,entrenado,vehic,4629,0.009716603,-0.07295025,False
SMOKE · validación técnica,entrenado,ventured,6070,0.15271704,-0.19187671,False
SMOKE · validación técnica,entrenado,visitor,7768,-0.197347,-0.041759003,False
SMOKE · validación técnica,entrenado,waiter,6007,-0.12812884,0.060168967,False
SMOKE · validación técnica,entrenado,wall,1502,0.15186094,-0.02131055,False
SMOKE · validación técnica,entrenado,warnings,6862,0.13644408,-0.057039987,False
SMOKE · validación técnica,entrenado,waste,4792,0.23504724,-0.12340156,False
SMOKE · validación técnica,entrenado,watched,1105,-0.18536127,0.1246231,False
SMOKE · validación técnica,entrenado,watching,2130,-0.15255663,-0.08030821,False
SMOKE · validación técnica,entrenado,waters,8097,-0.12322151,-0.24251412,False
SMOKE · validación técnica,entrenado,weal,3118,0.13572158,-0.11202649,False
SMOKE · validación técnica,entrenado,wearing,2265,0.022094738,0.043791678,False
SMOKE · validación técnica,entrenado,wears,6684,-0.054174885,0.062029157,False
SMOKE · validación técnica,entrenado,weeping,6315,-0.070712976,-0.080427065,False
SMOKE · validación técnica,entrenado,what,543,-0.15399179,0.12776628,False
SMOKE · validación técnica,entrenado,whisper,4554,0.02324704,0.017850064,False
SMOKE · validación técnica,entrenado,winter,4374,0.14043231,0.108881004,False
SMOKE · validación técnica,entrenado,wiping,7212,0.030172072,0.22385807,False
SMOKE · validación técnica,entrenado,wondering,5768,-0.06604797,0.073002815,False
SMOKE · validación técnica,entrenado,wood,1376,0.012253371,-0.07286791,False
SMOKE · validación técnica,entrenado,woods,1605,0.056077287,-0.0705638,False
SMOKE · validación técnica,entrenado,word,2960,0.1992024,0.124665506,False
SMOKE · validación técnica,entrenado,working,2725,0.01165063,-0.13155924,False
SMOKE · validación técnica,entrenado,wrink,7174,0.09154701,-0.06131276,False
SMOKE · validación técnica,entrenado,wrist,6367,-0.013317755,0.03702638,False
SMOKE · validación técnica,entrenado,written,5970,-0.003933347,-0.033502165,False
SMOKE · validación técnica,entrenado,yelped,7785,-0.051592913,0.06697698,False
SMOKE · validación técnica,entrenado,yoga,4733,-0.10377432,-0.035262097,False
SMOKE · validación técnica,entrenado,youth,5810,0.060947694,0.07711594,False
SMOKE · validación técnica,entrenado,zip,3510,-0.12713993,-0.008194939,False
SMOKE · validación técnica,entrenado,zipping,6849,-0.044980016,0.07365187,False
SMOKE · validación técnica,entrenado,zookeeper,5966,0.14494263,0.036217533,False
